time,strokeIdx,pointIdx,posX,posY,posZ,rotX,rotY,rotZ,rotW,width,colR,colG,colB,colA
30.69628,1,1,0.1883855,1.421374,-0.5876634,0.5098595,0.805886,0.2978075,0.04360975,0.05693997,0.4043511,0,0.4014504,1
30.70621,1,2,0.1891178,1.41249,-0.5888568,0.516468,0.8026763,0.2944221,0.0478266,0.05693997,0.4043511,0,0.4014504,1
30.71748,1,3,0.1896609,1.402804,-0.5900084,0.5232319,0.7996506,0.289579,0.05414301,0.05693997,0.4043511,0,0.4014504,1
30.72771,1,4,0.190479,1.392363,-0.5910363,0.5291489,0.7976133,0.2833079,0.05959209,0.05693997,0.4043511,0,0.4014504,1
30.73865,1,5,0.1909335,1.381266,-0.5916439,0.532832,0.79719,0.275791,0.06721361,0.05693997,0.4043511,0,0.4014504,1
30.74992,1,6,0.1916375,1.369955,-0.5921926,0.5357329,0.7968182,0.2689558,0.07572359,0.05693997,0.4043511,0,0.4014504,1
30.76105,1,7,0.1920152,1.358816,-0.5925724,0.538384,0.7962253,0.2633126,0.08267102,0.05693997,0.4043511,0,0.4014504,1
30.77199,1,8,0.1922825,1.347703,-0.5926523,0.5405068,0.7961422,0.2574379,0.08795319,0.05693997,0.4043511,0,0.4014504,1
30.78358,1,9,0.1923885,1.336388,-0.5929758,0.5435174,0.795725,0.2504101,0.09330242,0.05693997,0.4043511,0,0.4014504,1
30.79444,1,10,0.19297,1.324884,-0.5933082,0.5477196,0.7942585,0.2433041,0.09979846,0.05693997,0.4043511,0,0.4014504,1
30.80646,1,11,0.1932879,1.312983,-0.5931507,0.5522146,0.7922937,0.2362913,0.107221,0.05693997,0.4043511,0,0.4014504,1
30.81697,1,12,0.1933499,1.301993,-0.5926413,0.5544815,0.7915836,0.2307131,0.1127705,0.05693997,0.4043511,0,0.4014504,1
30.82797,1,13,0.1935779,1.290913,-0.5921534,0.5554395,0.7918239,0.2251749,0.1174664,0.05693997,0.4043511,0,0.4014504,1
30.83917,1,14,0.1937113,1.280375,-0.591267,0.5514444,0.7956074,0.2199131,0.1206484,0.05693997,0.4043511,0,0.4014504,1
30.8521,1,15,0.1937146,1.269906,-0.5903876,0.5498316,0.7976034,0.2140902,0.1252174,0.05693997,0.4043511,0,0.4014504,1
30.86167,1,16,0.1940085,1.258569,-0.5893862,0.5495008,0.798485,0.2082566,0.1307662,0.05693997,0.4043511,0,0.4014504,1
30.87335,1,17,0.1945216,1.247032,-0.5882515,0.5506993,0.7980599,0.2025248,0.137166,0.05693997,0.4043511,0,0.4014504,1
30.88591,1,18,0.1947458,1.235816,-0.5869794,0.5517116,0.797897,0.1963138,0.1429537,0.05693997,0.4043511,0,0.4014504,1
30.89559,1,19,0.1949492,1.224372,-0.5857739,0.5517225,0.7985128,0.1898538,0.1481056,0.05693997,0.4043511,0,0.4014504,1
30.90758,1,20,0.1950308,1.212905,-0.5844753,0.5511253,0.799747,0.1828275,0.1524459,0.05693997,0.4043511,0,0.4014504,1
30.92067,1,21,0.1953632,1.201125,-0.5833538,0.5508218,0.8006884,0.1753466,0.1573116,0.05693997,0.4043511,0,0.4014504,1
30.93043,1,22,0.1953983,1.189086,-0.5818549,0.5521321,0.8001454,0.1681824,0.163194,0.05693997,0.4043511,0,0.4014504,1
30.94043,1,23,0.195769,1.177229,-0.5800514,0.5531147,0.7993383,0.1615091,0.1704035,0.05693997,0.4043511,0,0.4014504,1
30.95241,1,24,0.1959977,1.165788,-0.578515,0.5532039,0.7992623,0.1544383,0.1769011,0.05693997,0.4043511,0,0.4014504,1
30.96297,1,25,0.1962619,1.154574,-0.5768018,0.5515334,0.8007286,0.1455496,0.1829213,0.05693997,0.4043511,0,0.4014504,1
30.97473,1,26,0.1961704,1.143575,-0.5751725,0.5494469,0.8026225,0.1358104,0.1883108,0.05693997,0.4043511,0,0.4014504,1
30.98512,1,27,0.1960955,1.132659,-0.5735493,0.5495744,0.8026641,0.1271862,0.1937063,0.05693997,0.4043511,0,0.4014504,1
30.99728,1,28,0.1961785,1.122222,-0.5716597,0.5506369,0.8015109,0.1201771,0.199842,0.05693997,0.4043511,0,0.4014504,1
31.01016,1,29,0.1963324,1.112654,-0.5700228,0.5525638,0.7996975,0.1138881,0.2053941,0.05693997,0.4043511,0,0.4014504,1
31.02043,1,30,0.1963283,1.103421,-0.5681431,0.554023,0.7983403,0.1072455,0.2102611,0.05693997,0.4043511,0,0.4014504,1
31.03036,1,31,0.1965591,1.095237,-0.566599,0.5546446,0.7976803,0.1003941,0.2144685,0.05693997,0.4043511,0,0.4014504,1
31.04239,1,32,0.1966305,1.088771,-0.5645953,0.5529181,0.7986247,0.09349805,0.2184912,0.05693997,0.4043511,0,0.4014504,1
31.05177,1,33,0.1969444,1.08399,-0.5628757,0.5478261,0.8013645,0.08614276,0.2242345,0.05693997,0.4043511,0,0.4014504,1
31.0629,1,34,0.1972242,1.081305,-0.5614251,0.5407485,0.8048285,0.08072764,0.2309225,0.05693997,0.4043511,0,0.4014504,1
31.44314,2,1,0.2000886,1.274118,-0.5863308,0.5184044,0.8075675,0.2267105,0.1664151,0.05693997,0.4043511,0,0.4014504,1
31.45577,2,2,0.1975138,1.274002,-0.5856001,0.5221782,0.8057426,0.2267597,0.1633669,0.05693997,0.4043511,0,0.4014504,1
31.46467,2,3,0.1948622,1.273393,-0.5845894,0.5255902,0.8037489,0.2271974,0.1616293,0.05693997,0.4043511,0,0.4014504,1
31.47553,2,4,0.1914437,1.273121,-0.5832637,0.5261025,0.8041475,0.2253483,0.1605656,0.05693997,0.4043511,0,0.4014504,1
31.48959,2,5,0.1884413,1.273165,-0.5816847,0.5244728,0.8056163,0.2237666,0.1607465,0.05693997,0.4043511,0,0.4014504,1
31.49867,2,6,0.1844819,1.273464,-0.5796716,0.5198706,0.8089715,0.2219833,0.1613165,0.05693997,0.4043511,0,0.4014504,1
31.51037,2,7,0.1803768,1.273821,-0.577628,0.5161758,0.811743,0.2209739,0.160644,0.05693997,0.4043511,0,0.4014504,1
31.5209,2,8,0.1761178,1.274117,-0.5757088,0.5138928,0.8136156,0.2202378,0.1594968,0.05693997,0.4043511,0,0.4014504,1
31.53197,2,9,0.1710355,1.274496,-0.5735224,0.5125421,0.8150853,0.2197768,0.1569548,0.05693997,0.4043511,0,0.4014504,1
31.54302,2,10,0.1656663,1.274853,-0.5709667,0.5139011,0.814602,0.2208037,0.1535418,0.05693997,0.4043511,0,0.4014504,1
31.55616,2,11,0.160113,1.274782,-0.5683646,0.5176724,0.8124185,0.2224505,0.1500243,0.05693997,0.4043511,0,0.4014504,1
31.5659,2,12,0.1550155,1.27457,-0.5658236,0.520285,0.8111469,0.2227876,0.1473431,0.05693997,0.4043511,0,0.4014504,1
31.57693,2,13,0.1488901,1.274264,-0.5632358,0.5208064,0.8117852,0.2211199,0.1444699,0.05693997,0.4043511,0,0.4014504,1
31.58838,2,14,0.1433378,1.273825,-0.5607249,0.5191875,0.8135563,0.2196453,0.142571,0.05693997,0.4043511,0,0.4014504,1
31.5996,2,15,0.1377792,1.273471,-0.5582314,0.5178439,0.8150512,0.2182632,0.1410339,0.05693997,0.4043511,0,0.4014504,1
31.60995,2,16,0.1323132,1.272823,-0.5560746,0.5164154,0.8167433,0.2159029,0.140113,0.05693997,0.4043511,0,0.4014504,1
31.62162,2,17,0.1269993,1.271828,-0.5540254,0.5176443,0.8168466,0.2133682,0.1388527,0.05693997,0.4043511,0,0.4014504,1
31.63245,2,18,0.1217665,1.270704,-0.5521016,0.5200994,0.8160875,0.2113649,0.1371964,0.05693997,0.4043511,0,0.4014504,1
31.64349,2,19,0.1173372,1.269436,-0.5505375,0.5228792,0.8151249,0.2091434,0.1357496,0.05693997,0.4043511,0,0.4014504,1
31.65634,2,20,0.1135967,1.268896,-0.5494158,0.5229633,0.8160733,0.2056822,0.1350137,0.05693997,0.4043511,0,0.4014504,1
31.6665,2,21,0.1104558,1.269321,-0.5485689,0.5201645,0.8187225,0.2024393,0.1346877,0.05693997,0.4043511,0,0.4014504,1
31.6775,2,22,0.1078911,1.270576,-0.5476912,0.5156057,0.8222567,0.1997387,0.134719,0.05693997,0.4043511,0,0.4014504,1
31.68828,2,23,0.1056193,1.272628,-0.5469511,0.5107307,0.8257815,0.1978786,0.134474,0.05693997,0.4043511,0,0.4014504,1
31.69966,2,24,0.1035916,1.275025,-0.5460879,0.5074452,0.8281651,0.1968644,0.1337404,0.05693997,0.4043511,0,0.4014504,1
32.01177,3,1,0.1023962,1.419717,-0.5607706,0.5314438,0.7940913,0.286864,0.068524,0.05693997,0.4043511,0,0.4014504,1
32.02293,3,2,0.1027955,1.412118,-0.5602562,0.5383411,0.7898155,0.2841921,0.07493431,0.05693997,0.4043511,0,0.4014504,1
32.03609,3,3,0.103245,1.40413,-0.5593192,0.5434372,0.787257,0.2798617,0.08111665,0.05693997,0.4043511,0,0.4014504,1
32.04522,3,4,0.1036062,1.394817,-0.5588918,0.5434701,0.7888966,0.2728908,0.08839263,0.05693997,0.4043511,0,0.4014504,1
32.05683,3,5,0.1041532,1.387789,-0.5585442,0.5448701,0.7888601,0.2682801,0.09403352,0.05693997,0.4043511,0,0.4014504,1
32.0683,3,6,0.1044186,1.379281,-0.5580833,0.5436751,0.790571,0.2630182,0.1011749,0.05693997,0.4043511,0,0.4014504,1
32.08078,3,7,0.1043333,1.370793,-0.5571993,0.5434774,0.7911932,0.2592994,0.1068161,0.05693997,0.4043511,0,0.4014504,1
32.08996,3,8,0.1037872,1.362203,-0.5570651,0.5439642,0.7914476,0.2561705,0.109957,0.05693997,0.4043511,0,0.4014504,1
32.10365,3,9,0.1033736,1.353826,-0.5570519,0.5446683,0.791781,0.2528956,0.1116395,0.05693997,0.4043511,0,0.4014504,1
32.1124,3,10,0.1027815,1.34561,-0.5565641,0.5456775,0.7917892,0.2498756,0.1134385,0.05693997,0.4043511,0,0.4014504,1
32.12428,3,11,0.1025851,1.337125,-0.5563666,0.5455527,0.7924332,0.2463789,0.1171298,0.05693997,0.4043511,0,0.4014504,1
32.1361,3,12,0.1026034,1.328318,-0.5561286,0.5436115,0.7943259,0.2419671,0.1224127,0.05693997,0.4043511,0,0.4014504,1
32.14598,3,13,0.1024243,1.319382,-0.5558596,0.5418389,0.7961774,0.2367707,0.1282645,0.05693997,0.4043511,0,0.4014504,1
32.15696,3,14,0.1024582,1.310167,-0.5556669,0.541002,0.7973586,0.2314064,0.1341162,0.05693997,0.4043511,0,0.4014504,1
32.16965,3,15,0.1024367,1.301052,-0.555392,0.5405656,0.7983326,0.2259424,0.1392985,0.05693997,0.4043511,0,0.4014504,1
32.17954,3,16,0.1023011,1.291835,-0.5554737,0.5408038,0.7991964,0.2198982,0.1430426,0.05693997,0.4043511,0,0.4014504,1
32.19056,3,17,0.1021565,1.282699,-0.5555483,0.5408457,0.799998,0.2142481,0.146925,0.05693997,0.4043511,0,0.4014504,1
32.20264,3,18,0.1022407,1.273728,-0.5553976,0.5407699,0.8006541,0.2092061,0.1508445,0.05693997,0.4043511,0,0.4014504,1
32.21294,3,19,0.1025162,1.264964,-0.5552391,0.5403386,0.8012921,0.2048149,0.1549718,0.05693997,0.4043511,0,0.4014504,1
32.22412,3,20,0.1026561,1.256208,-0.5548772,0.5397305,0.8020445,0.2003009,0.1590446,0.05693997,0.4043511,0,0.4014504,1
32.23608,3,21,0.1030318,1.247508,-0.5544406,0.5390369,0.8029273,0.1945312,0.1640263,0.05693997,0.4043511,0,0.4014504,1
32.24836,3,22,0.1033986,1.238656,-0.5541846,0.5388662,0.8035178,0.1884117,0.1687709,0.05693997,0.4043511,0,0.4014504,1
32.25824,3,23,0.1037977,1.230081,-0.5536859,0.5400123,0.8031626,0.1824411,0.1732967,0.05693997,0.4043511,0,0.4014504,1
32.26976,3,24,0.1043658,1.22152,-0.5531341,0.5410283,0.8026739,0.1775259,0.1774473,0.05693997,0.4043511,0,0.4014504,1
32.27987,3,25,0.1049994,1.213282,-0.5523208,0.542155,0.8020691,0.1736235,0.1805775,0.05693997,0.4043511,0,0.4014504,1
32.29192,3,26,0.1057859,1.205304,-0.551495,0.542397,0.8021848,0.1688432,0.1838401,0.05693997,0.4043511,0,0.4014504,1
32.30353,3,27,0.1065211,1.197242,-0.5504874,0.5417751,0.8027446,0.163472,0.1880369,0.05693997,0.4043511,0,0.4014504,1
32.31509,3,28,0.1075755,1.189525,-0.5496675,0.5412285,0.8029203,0.1588497,0.1927628,0.05693997,0.4043511,0,0.4014504,1
32.32505,3,29,0.1086411,1.181703,-0.5484125,0.5414273,0.80255,0.1548743,0.1969368,0.05693997,0.4043511,0,0.4014504,1
32.33897,3,30,0.1097879,1.174262,-0.5469966,0.5412957,0.8024527,0.1509263,0.2007239,0.05693997,0.4043511,0,0.4014504,1
32.34869,3,31,0.1106551,1.166934,-0.5454532,0.5411606,0.802406,0.146656,0.2044064,0.05693997,0.4043511,0,0.4014504,1
32.35818,3,32,0.1118876,1.159605,-0.5437309,0.5417525,0.801535,0.1426433,0.2090432,0.05693997,0.4043511,0,0.4014504,1
32.37128,3,33,0.1128975,1.152246,-0.5421493,0.5423051,0.8007137,0.1385221,0.2134818,0.05693997,0.4043511,0,0.4014504,1
32.38077,3,34,0.1135617,1.145468,-0.5405304,0.5427966,0.8001208,0.1345407,0.2169733,0.05693997,0.4043511,0,0.4014504,1
32.39161,3,35,0.1144718,1.138596,-0.5389888,0.5424362,0.800082,0.1305234,0.2204441,0.05693997,0.4043511,0,0.4014504,1
32.40374,3,36,0.1151792,1.132148,-0.5375358,0.5409746,0.8009112,0.1256438,0.2238335,0.05693997,0.4043511,0,0.4014504,1
32.41429,3,37,0.1156316,1.125868,-0.5360686,0.5390944,0.8018529,0.1201578,0.2279723,0.05693997,0.4043511,0,0.4014504,1
32.42577,3,38,0.1155967,1.119914,-0.5349591,0.5371046,0.8029496,0.1146663,0.2316081,0.05693997,0.4043511,0,0.4014504,1
32.43634,3,39,0.1155994,1.114195,-0.5339158,0.5367094,0.8031465,0.1102737,0.2339629,0.05693997,0.4043511,0,0.4014504,1
32.44812,3,40,0.1157119,1.108418,-0.5329069,0.5364608,0.8031971,0.1060308,0.2363084,0.05693997,0.4043511,0,0.4014504,1
32.46106,3,41,0.1153656,1.103229,-0.532037,0.536602,0.8030247,0.1014002,0.2385953,0.05693997,0.4043511,0,0.4014504,1
32.46978,3,42,0.1149623,1.098259,-0.5312977,0.5373871,0.8022305,0.09644088,0.241538,0.05693997,0.4043511,0,0.4014504,1
32.48128,3,43,0.114394,1.094035,-0.5305897,0.5381042,0.8016487,0.09199865,0.2435971,0.05693997,0.4043511,0,0.4014504,1
32.49233,3,44,0.1136633,1.09004,-0.5301531,0.5384784,0.8016721,0.08746409,0.2443625,0.05693997,0.4043511,0,0.4014504,1
32.50332,3,45,0.1124586,1.088735,-0.5305116,0.5373007,0.8035517,0.08460644,0.2417738,0.05693997,0.4043511,0,0.4014504,1
32.51568,3,46,0.1115967,1.087331,-0.5302556,0.5352049,0.8055539,0.08321238,0.2402381,0.05693997,0.4043511,0,0.4014504,1
36.07754,4,1,0.04059392,1.199939,-0.4815692,0.231364,0.9662167,0.1130176,-0.01109805,0.05693997,1,0.3507507,0.7753754,1
36.08836,4,2,0.03918087,1.199778,-0.4806934,0.2312227,0.9664129,0.1114044,-0.01309086,0.05693997,1,0.3507507,0.7753754,1
36.10121,4,3,0.03785098,1.199065,-0.480324,0.2308643,0.9667289,0.1092004,-0.01457253,0.05693997,1,0.3507507,0.7753754,1
36.11095,4,4,0.03617102,1.197981,-0.4799316,0.2305994,0.9670801,0.1063485,-0.01642966,0.05693997,1,0.3507507,0.7753754,1
36.1224,4,5,0.03401923,1.197319,-0.4789912,0.2298622,0.9673929,0.1047679,-0.01839072,0.05693997,1,0.3507507,0.7753754,1
36.1331,4,6,0.03152001,1.196648,-0.4778996,0.2291076,0.9675982,0.1041559,-0.02037332,0.05693997,1,0.3507507,0.7753754,1
36.14441,4,7,0.02870983,1.196257,-0.4762954,0.2280519,0.9677908,0.1042251,-0.0225933,0.05693997,1,0.3507507,0.7753754,1
36.15631,4,8,0.02536315,1.196064,-0.474206,0.227012,0.9679086,0.104781,-0.02529037,0.05693997,1,0.3507507,0.7753754,1
36.16798,4,9,0.02156705,1.195847,-0.4717059,0.2273841,0.9676894,0.1050812,-0.02883874,0.05693997,1,0.3507507,0.7753754,1
36.17804,4,10,0.01742157,1.195609,-0.4691838,0.2284588,0.9673258,0.104868,-0.03301656,0.05693997,1,0.3507507,0.7753754,1
36.18906,4,11,0.01256606,1.195624,-0.466314,0.2287074,0.9671407,0.1044658,-0.03766588,0.05693997,1,0.3507507,0.7753754,1
36.20047,4,12,0.007483363,1.195525,-0.463371,-0.2281152,-0.9670898,-0.1042577,0.04279322,0.05693997,1,0.3507507,0.7753754,1
36.21456,4,13,0.002571881,1.195462,-0.4606804,-0.2278944,-0.966956,-0.1037779,0.04786004,0.05693997,1,0.3507507,0.7753754,1
36.2225,4,14,-0.002936691,1.195485,-0.4579432,-0.2276708,-0.9667608,-0.1028945,0.05433704,0.05693997,1,0.3507507,0.7753754,1
36.23344,4,15,-0.008677363,1.196261,-0.455238,-0.2263069,-0.9667077,-0.102508,0.06126648,0.05693997,1,0.3507507,0.7753754,1
36.24481,4,16,-0.01419339,1.197291,-0.4526542,-0.2249841,-0.9665293,-0.1028998,0.06793379,0.05693997,1,0.3507507,0.7753754,1
36.25592,4,17,-0.0199827,1.199552,-0.4500092,-0.2246993,-0.9657927,-0.1047891,0.07598753,0.05693997,1,0.3507507,0.7753754,1
36.26779,4,18,-0.02538934,1.203435,-0.4473043,-0.2259052,-0.9643895,-0.1087811,0.08418149,0.05693997,1,0.3507507,0.7753754,1
36.27854,4,19,-0.03041252,1.206564,-0.4445626,-0.2261017,-0.9634007,-0.1117583,0.09081481,0.05693997,1,0.3507507,0.7753754,1
36.29061,4,20,-0.03518939,1.211145,-0.4421364,-0.225845,-0.9624279,-0.1154292,0.09696861,0.05693997,1,0.3507507,0.7753754,1
36.30131,4,21,-0.0397754,1.215717,-0.4398106,-0.2262241,-0.9612104,-0.1188539,0.1037834,0.05693997,1,0.3507507,0.7753754,1
36.31215,4,22,-0.04333642,1.222235,-0.4379207,-0.2289653,-0.9588785,-0.1253035,0.1114721,0.05693997,1,0.3507507,0.7753754,1
36.32314,4,23,-0.04591066,1.228188,-0.4361726,-0.2339013,-0.9560019,-0.1321279,0.1178675,0.05693997,1,0.3507507,0.7753754,1
36.33396,4,24,-0.04827985,1.233901,-0.4345426,-0.2385175,-0.9533865,-0.1378816,0.1230951,0.05693997,1,0.3507507,0.7753754,1
36.34586,4,25,-0.04888019,1.24005,-0.4335592,-0.2435572,-0.950914,-0.1438796,0.1254641,0.05693997,1,0.3507507,0.7753754,1
36.35701,4,26,-0.04959801,1.246119,-0.4325057,-0.2465249,-0.9488928,-0.1495728,0.1282806,0.05693997,1,0.3507507,0.7753754,1
36.3683,4,27,-0.04800943,1.252978,-0.4325368,-0.2475253,-0.9477,-0.1555134,0.1281078,0.05693997,1,0.3507507,0.7753754,1
36.3798,4,28,-0.04723358,1.258988,-0.4317908,-0.2492564,-0.9461584,-0.1614677,0.1287784,0.05693997,1,0.3507507,0.7753754,1
36.39022,4,29,-0.04447526,1.265,-0.4321252,-0.2514624,-0.9448681,-0.1670298,0.1268546,0.05693997,1,0.3507507,0.7753754,1
36.40089,4,30,-0.04198858,1.270801,-0.432521,-0.2541394,-0.9434693,-0.1721981,0.1250069,0.05693997,1,0.3507507,0.7753754,1
36.41336,4,31,-0.03794789,1.276109,-0.4335352,-0.2572286,-0.9421603,-0.1775023,0.1210804,0.05693997,1,0.3507507,0.7753754,1
36.42352,4,32,-0.03318334,1.280692,-0.4350415,-0.2610805,-0.9407058,-0.1822954,0.1169533,0.05693997,1,0.3507507,0.7753754,1
36.43447,4,33,-0.0281792,1.284534,-0.4369306,-0.2640284,-0.9397542,-0.1860468,0.1119723,0.05693997,1,0.3507507,0.7753754,1
36.4467,4,34,-0.02334988,1.28831,-0.4387628,-0.2664243,-0.9388711,-0.1898177,0.1072778,0.05693997,1,0.3507507,0.7753754,1
36.4569,4,35,-0.01705471,1.29046,-0.4417461,-0.2677991,-0.9388626,-0.1920098,0.09976506,0.05693997,1,0.3507507,0.7753754,1
36.46848,4,36,-0.01109457,1.292279,-0.4445655,-0.269626,-0.9386346,-0.1942501,0.09237906,0.05693997,1,0.3507507,0.7753754,1
36.48069,4,37,-0.005301535,1.294024,-0.4471843,-0.2724395,-0.9380142,-0.1966042,0.08516368,0.05693997,1,0.3507507,0.7753754,1
36.4909,4,38,0.001124084,1.294148,-0.4504896,-0.276245,-0.9373356,-0.1977144,0.0774589,0.05693997,1,0.3507507,0.7753754,1
36.5016,4,39,0.00743711,1.293467,-0.4539921,-0.2806338,-0.9367086,-0.1974204,0.0696203,0.05693997,1,0.3507507,0.7753754,1
36.5139,4,40,0.01373324,1.291988,-0.4576632,-0.2845584,-0.9363511,-0.1963333,0.06104513,0.05693997,1,0.3507507,0.7753754,1
36.52514,4,41,0.01966035,1.290504,-0.4611559,-0.2879401,-0.9360723,-0.1951015,0.05286418,0.05693997,1,0.3507507,0.7753754,1
36.5352,4,42,0.02549839,1.287252,-0.4650462,0.2912395,0.9361818,0.1918932,-0.04382275,0.05693997,1,0.3507507,0.7753754,1
36.54708,4,43,0.03130043,1.283402,-0.4690495,0.295784,0.9358589,0.1883365,-0.03477599,0.05693997,1,0.3507507,0.7753754,1
36.55776,4,44,0.03647006,1.278862,-0.4729525,0.3013481,0.9350817,0.1847046,-0.02637562,0.05693997,1,0.3507507,0.7753754,1
36.56891,4,45,0.04166412,1.273695,-0.4767224,0.3072233,0.9340724,0.1811492,-0.01754041,0.05693997,1,0.3507507,0.7753754,1
36.58063,4,46,0.04654008,1.268827,-0.4800942,0.3122874,0.9331469,0.1778628,-0.008851159,0.05693997,1,0.3507507,0.7753754,1
36.59159,4,47,0.05031139,1.262582,-0.4838652,0.3168533,0.932639,0.1725832,-0.001894914,0.05693997,1,0.3507507,0.7753754,1
36.60247,4,48,0.05359507,1.255936,-0.4875732,0.3199978,0.9328222,0.1656082,0.004266515,0.05693997,1,0.3507507,0.7753754,1
36.6146,4,49,0.05680227,1.24941,-0.4911857,0.3223713,0.9331766,0.1585743,0.01061163,0.05693997,1,0.3507507,0.7753754,1
36.62527,4,50,0.05802011,1.24152,-0.4941793,0.3228285,0.9343745,0.1498816,0.01617438,0.05693997,1,0.3507507,0.7753754,1
36.63631,4,51,0.05983073,1.23403,-0.4964587,0.325029,0.9346223,0.1426754,0.02193745,0.05693997,1,0.3507507,0.7753754,1
36.64766,4,52,0.06110781,1.2264,-0.4980823,0.3277764,0.934671,0.1349944,0.02700356,0.05693997,1,0.3507507,0.7753754,1
36.66111,4,53,0.06236285,1.218727,-0.4995943,0.3309172,0.9344261,0.1276559,0.0323367,0.05693997,1,0.3507507,0.7753754,1
36.67046,4,54,0.06295592,1.210437,-0.4999028,0.3360896,0.9333717,0.1205934,0.03630902,0.05693997,1,0.3507507,0.7753754,1
36.6819,4,55,0.06367958,1.202663,-0.5000333,0.3415042,0.9320824,0.114023,0.03995348,0.05693997,1,0.3507507,0.7753754,1
36.69444,4,56,0.06403899,1.194437,-0.498018,0.3471588,0.9305956,0.1077979,0.04303668,0.05693997,1,0.3507507,0.7753754,1
36.70443,4,57,0.06466699,1.186654,-0.4969279,0.3503882,0.9298896,0.1013251,0.04761093,0.05693997,1,0.3507507,0.7753754,1
36.71564,4,58,0.06453288,1.179376,-0.4935842,0.3500973,0.9302581,0.09628692,0.05273248,0.05693997,1,0.3507507,0.7753754,1
36.72935,4,59,0.06429201,1.172187,-0.4912716,0.3507607,0.9303495,0.09038648,0.0569831,0.05693997,1,0.3507507,0.7753754,1
36.73903,4,60,0.06291997,1.165777,-0.4876416,0.3494622,0.931264,0.08442542,0.05912544,0.05693997,1,0.3507507,0.7753754,1
36.74863,4,61,0.06170309,1.15944,-0.4847968,0.3489,0.931854,0.07842343,0.06137509,0.05693997,1,0.3507507,0.7753754,1
36.75984,4,62,0.05947852,1.153695,-0.4815694,0.3483606,0.9324973,0.07306291,0.06128247,0.05693997,1,0.3507507,0.7753754,1
36.77168,4,63,0.05753857,1.148101,-0.478483,0.3481845,0.9329384,0.0676755,0.06175492,0.05693997,1,0.3507507,0.7753754,1
36.78251,4,64,0.05454385,1.143469,-0.4748265,0.3473235,0.9336425,0.06300339,0.06089857,0.05693997,1,0.3507507,0.7753754,1
36.79316,4,65,0.05159223,1.139221,-0.4709745,0.3468589,0.9341842,0.05921346,0.05901465,0.05693997,1,0.3507507,0.7753754,1
36.80408,4,66,0.04798907,1.135288,-0.4673506,0.3482609,0.9340465,0.05558313,0.05640904,0.05693997,1,0.3507507,0.7753754,1
36.81556,4,67,0.04397291,1.131757,-0.4632766,0.3502107,0.9336867,0.05211259,0.05353412,0.05693997,1,0.3507507,0.7753754,1
36.82715,4,68,0.04033422,1.128084,-0.4591846,0.3509448,0.9337382,0.04819655,0.05145805,0.05693997,1,0.3507507,0.7753754,1
36.83833,4,69,0.03624475,1.124741,-0.4551584,0.3504557,0.9342088,0.04407214,0.04992504,0.05693997,1,0.3507507,0.7753754,1
36.84859,4,70,0.03095925,1.122392,-0.450581,0.348107,0.9353966,0.03938271,0.04799821,0.05693997,1,0.3507507,0.7753754,1
36.8637,4,71,0.0257796,1.119543,-0.4463699,0.3470443,0.9360878,0.03486066,0.04566,0.05693997,1,0.3507507,0.7753754,1
36.87114,4,72,0.01952308,1.117274,-0.442032,0.3454718,0.93701,0.03055303,0.04156946,0.05693997,1,0.3507507,0.7753754,1
36.88087,4,73,0.01345816,1.115152,-0.4380869,0.3441463,0.9378425,0.0260893,0.03652663,0.05693997,1,0.3507507,0.7753754,1
36.89283,4,74,0.006503135,1.113966,-0.4346345,0.3427803,0.9387337,0.02227013,0.02801517,0.05693997,1,0.3507507,0.7753754,1
36.90312,4,75,-0.0008744597,1.113349,-0.4319911,0.3408124,0.9397603,0.01953141,0.0177821,0.05693997,1,0.3507507,0.7753754,1
36.91439,4,76,-0.008256614,1.113407,-0.4295836,0.3382076,0.9408857,0.0172848,0.007150721,0.05693997,1,0.3507507,0.7753754,1
36.92591,4,77,-0.01568741,1.113981,-0.4274162,0.3359072,0.9417533,0.01592171,-0.00371439,0.05693997,1,0.3507507,0.7753754,1
36.93673,4,78,-0.02265516,1.114436,-0.4250521,0.3335842,0.9425237,0.01393804,-0.01328003,0.05693997,1,0.3507507,0.7753754,1
36.94865,4,79,-0.02980363,1.115893,-0.422825,0.3305604,0.9434458,0.01174271,-0.02240844,0.05693997,1,0.3507507,0.7753754,1
36.95999,4,80,-0.03625655,1.117208,-0.4207568,0.3283651,0.9440221,0.009643972,-0.03009507,0.05693997,1,0.3507507,0.7753754,1
36.97016,4,81,-0.04197624,1.118523,-0.4183416,0.3278053,0.9439568,0.008727014,-0.03759157,0.05693997,1,0.3507507,0.7753754,1
36.98159,4,82,-0.04710063,1.119795,-0.4161192,0.3291483,0.9432094,0.008011535,-0.0441976,0.05693997,1,0.3507507,0.7753754,1
36.99262,4,83,-0.0486261,1.121284,-0.4143934,0.3338102,0.9414515,0.00776279,-0.0466864,0.05693997,1,0.3507507,0.7753754,1
37.00409,4,84,-0.05143419,1.122552,-0.4125574,0.3351085,0.9407601,0.006889939,-0.05123644,0.05693997,1,0.3507507,0.7753754,1
37.01487,4,85,-0.05215552,1.124212,-0.410933,0.335439,0.9404467,0.007519811,-0.05462817,0.05693997,1,0.3507507,0.7753754,1
40.07655,5,1,-0.1126481,1.380194,-0.4016144,-0.2766349,-0.9119397,-0.2488738,0.1729188,0.05693997,0.7539314,0,0,1
40.09044,5,2,-0.1100432,1.371231,-0.4018678,-0.2839549,-0.912438,-0.2445066,0.1644482,0.05693997,0.7539314,0,0,1
40.09888,5,3,-0.1079538,1.362251,-0.401829,-0.2882408,-0.913411,-0.2389686,0.1596616,0.05693997,0.7539314,0,0,1
40.11034,5,4,-0.1067216,1.353311,-0.4011208,-0.2869522,-0.9155257,-0.2336995,0.1576573,0.05693997,0.7539314,0,0,1
40.12266,5,5,-0.1058458,1.344186,-0.4004666,-0.2827212,-0.9182291,-0.228189,0.1576513,0.05693997,0.7539314,0,0,1
40.13387,5,6,-0.1044177,1.335234,-0.3995634,-0.2781117,-0.9207664,-0.2234922,0.1577795,0.05693997,0.7539314,0,0,1
40.14428,5,7,-0.1031919,1.326033,-0.3987491,-0.2758351,-0.9227391,-0.2190443,0.1564839,0.05693997,0.7539314,0,0,1
40.15513,5,8,-0.1020332,1.315999,-0.3975719,-0.2749978,-0.9244189,-0.2143654,0.1545107,0.05693997,0.7539314,0,0,1
40.166,5,9,-0.1004422,1.305487,-0.3965309,-0.2757715,-0.925857,-0.2086983,0.1522627,0.05693997,0.7539314,0,0,1
40.17702,5,10,-0.09919196,1.294667,-0.3949781,-0.2758308,-0.9273134,-0.2028401,0.1512057,0.05693997,0.7539314,0,0,1
40.18841,5,11,-0.09822583,1.283899,-0.3937224,-0.2731391,-0.9294354,-0.1968903,0.1509275,0.05693997,0.7539314,0,0,1
40.1995,5,12,-0.09697509,1.273085,-0.3925958,-0.2699983,-0.931788,-0.1906077,0.1501363,0.05693997,0.7539314,0,0,1
40.21078,5,13,-0.09558916,1.261779,-0.3915339,-0.2650251,-0.9351786,-0.1826618,0.1477748,0.05693997,0.7539314,0,0,1
40.222,5,14,-0.09395558,1.250173,-0.3903725,-0.2606559,-0.9386824,-0.1741175,0.1435864,0.05693997,0.7539314,0,0,1
40.23322,5,15,-0.09239179,1.238739,-0.3888727,-0.2579587,-0.9412442,-0.1665994,0.1405749,0.05693997,0.7539314,0,0,1
40.24516,5,16,-0.09078377,1.227645,-0.3874038,-0.2556903,-0.9431912,-0.1601533,0.1391535,0.05693997,0.7539314,0,0,1
40.25619,5,17,-0.08946049,1.217238,-0.3856033,-0.2527151,-0.9445722,-0.1559043,0.1400443,0.05693997,0.7539314,0,0,1
40.26725,5,18,-0.0881407,1.206846,-0.3839455,-0.2500299,-0.9462485,-0.1502079,0.1397734,0.05693997,0.7539314,0,0,1
40.27998,5,19,-0.08657643,1.196026,-0.3826258,-0.2503099,-0.947912,-0.1418993,0.1366471,0.05693997,0.7539314,0,0,1
40.29091,5,20,-0.08512342,1.185641,-0.3813498,-0.2513271,-0.9492514,-0.1333975,0.1340217,0.05693997,0.7539314,0,0,1
40.30096,5,21,-0.08452776,1.17572,-0.380247,-0.25464,-0.9498127,-0.1246468,0.1322033,0.05693997,0.7539314,0,0,1
40.31465,5,22,-0.08398634,1.165686,-0.3791891,-0.2548837,-0.9507882,-0.1165872,0.1320745,0.05693997,0.7539314,0,0,1
40.32341,5,23,-0.08475715,1.156784,-0.377562,-0.2520929,-0.9521038,-0.108988,0.1344224,0.05693997,0.7539314,0,0,1
40.33376,5,24,-0.0856714,1.147899,-0.3757508,-0.247379,-0.9538811,-0.1017504,0.1362403,0.05693997,0.7539314,0,0,1
40.34459,5,25,-0.08775988,1.140542,-0.3736418,-0.238953,-0.956222,-0.0953625,0.1394529,0.05693997,0.7539314,0,0,1
40.356,5,26,-0.08917043,1.132537,-0.3716609,-0.2339472,-0.9580337,-0.08810805,0.1402753,0.05693997,0.7539314,0,0,1
40.36958,5,27,-0.09112909,1.12508,-0.369649,-0.2300204,-0.9597113,-0.08020657,0.1400422,0.05693997,0.7539314,0,0,1
40.37955,5,28,-0.09368113,1.118199,-0.3678917,-0.2303374,-0.9600082,-0.0726244,0.1416151,0.05693997,0.7539314,0,0,1
40.3911,5,29,-0.09650937,1.111283,-0.3660346,-0.229891,-0.9602575,-0.06502658,0.1443168,0.05693997,0.7539314,0,0,1
40.40078,5,30,-0.1014095,1.106603,-0.3639423,-0.2271948,-0.9602073,-0.05792207,0.1517552,0.05693997,0.7539314,0,0,1
40.41193,5,31,-0.105486,1.101279,-0.3620321,-0.2219247,-0.9608749,-0.05161609,0.1574952,0.05693997,0.7539314,0,0,1
40.42402,5,32,-0.1106126,1.097602,-0.3599063,-0.2144943,-0.9615079,-0.04665023,0.1652839,0.05693997,0.7539314,0,0,1
40.43411,5,33,-0.1151276,1.093838,-0.357845,-0.2085464,-0.9618029,-0.04116747,0.172479,0.05693997,0.7539314,0,0,1
40.44574,5,34,-0.1200602,1.092109,-0.3561577,-0.205798,-0.9605312,-0.03556721,0.1837446,0.05693997,0.7539314,0,0,1
40.4576,5,35,-0.1247162,1.08968,-0.3541691,-0.2030594,-0.9594028,-0.02969673,0.1934717,0.05693997,0.7539314,0,0,1
42.95747,6,1,-0.1969538,1.36716,-0.3291586,-0.2524961,-0.8860373,-0.2444637,0.3023595,0.05693997,0.9459499,0.372975,0,1
42.969,6,2,-0.1969447,1.361079,-0.3299791,-0.2550177,-0.887886,-0.2390782,0.299109,0.05693997,0.9459499,0.372975,0,1
42.98027,6,3,-0.1974857,1.355273,-0.3305508,-0.2539394,-0.8904393,-0.2341497,0.296322,0.05693997,0.9459499,0.372975,0,1
42.99103,6,4,-0.1975046,1.347965,-0.3307465,-0.2478197,-0.8949083,-0.2285707,0.2923698,0.05693997,0.9459499,0.372975,0,1
43.00228,6,5,-0.1971537,1.340153,-0.3311359,-0.2444032,-0.8990108,-0.2213796,0.2881626,0.05693997,0.9459499,0.372975,0,1
43.01332,6,6,-0.196639,1.332377,-0.3314925,-0.2435389,-0.9024786,-0.2145631,0.2831677,0.05693997,0.9459499,0.372975,0,1
43.02446,6,7,-0.1954842,1.323472,-0.3316393,-0.2447121,-0.9053845,-0.2078931,0.2778046,0.05693997,0.9459499,0.372975,0,1
43.03767,6,8,-0.1941056,1.314412,-0.3314007,-0.246335,-0.9075826,-0.2018615,0.2736143,0.05693997,0.9459499,0.372975,0,1
43.04697,6,9,-0.1930017,1.305599,-0.3306517,-0.2454567,-0.9099086,-0.1965964,0.2704944,0.05693997,0.9459499,0.372975,0,1
43.058,6,10,-0.1917083,1.296731,-0.3297055,-0.2434948,-0.9120381,-0.191973,0.2684086,0.05693997,0.9459499,0.372975,0,1
43.07114,6,11,-0.1904688,1.287649,-0.328692,-0.2417916,-0.9142666,-0.1869402,0.2659073,0.05693997,0.9459499,0.372975,0,1
43.08075,6,12,-0.1893508,1.278864,-0.3275497,-0.2405723,-0.9167005,-0.181317,0.2625058,0.05693997,0.9459499,0.372975,0,1
43.0922,6,13,-0.1878571,1.269188,-0.3263766,-0.2399611,-0.9194515,-0.174016,0.2583527,0.05693997,0.9459499,0.372975,0,1
43.10409,6,14,-0.1866214,1.259706,-0.3250861,-0.2395662,-0.9218059,-0.1671096,0.2548658,0.05693997,0.9459499,0.372975,0,1
43.114,6,15,-0.1852204,1.250567,-0.3235104,-0.2381278,-0.9240806,-0.1609767,0.2519066,0.05693997,0.9459499,0.372975,0,1
43.12595,6,16,-0.1837,1.241552,-0.3218893,-0.2351766,-0.9265982,-0.1555998,0.2487903,0.05693997,0.9459499,0.372975,0,1
43.13731,6,17,-0.1820414,1.232543,-0.3197981,-0.2305218,-0.9294105,-0.1502459,0.2459311,0.05693997,0.9459499,0.372975,0,1
43.1477,6,18,-0.1800035,1.223509,-0.3174181,-0.2256594,-0.9326421,-0.1439211,0.2419575,0.05693997,0.9459499,0.372975,0,1
43.16015,6,19,-0.1783408,1.214117,-0.3156659,-0.2236603,-0.9354727,-0.1364161,0.2371873,0.05693997,0.9459499,0.372975,0,1
43.17178,6,20,-0.1760214,1.204693,-0.3136874,-0.2266808,-0.9373561,-0.1275132,0.2317755,0.05693997,0.9459499,0.372975,0,1
43.18142,6,21,-0.1739096,1.195546,-0.3116345,-0.2305515,-0.9384815,-0.120474,0.2271223,0.05693997,0.9459499,0.372975,0,1
43.19266,6,22,-0.1725368,1.187046,-0.3091638,-0.2314125,-0.9395483,-0.1146636,0.2248325,0.05693997,0.9459499,0.372975,0,1
43.2047,6,23,-0.1715289,1.17868,-0.3071193,-0.2300422,-0.9408668,-0.1080825,0.2239831,0.05693997,0.9459499,0.372975,0,1
43.21568,6,24,-0.1720168,1.170658,-0.3043576,-0.2234025,-0.9427316,-0.1007062,0.2262891,0.05693997,0.9459499,0.372975,0,1
43.22971,6,25,-0.1721112,1.162431,-0.3017741,-0.2192897,-0.9446862,-0.09303646,0.2254421,0.05693997,0.9459499,0.372975,0,1
43.23833,6,26,-0.1723873,1.154791,-0.2989713,-0.2160079,-0.9465758,-0.08569488,0.2235875,0.05693997,0.9459499,0.372975,0,1
43.24945,6,27,-0.1724302,1.147213,-0.2962361,-0.2145735,-0.9478752,-0.0790887,0.2218916,0.05693997,0.9459499,0.372975,0,1
43.25973,6,28,-0.1732238,1.141119,-0.2933134,-0.2166759,-0.9479127,-0.07394326,0.2214622,0.05693997,0.9459499,0.372975,0,1
43.27128,6,29,-0.1742034,1.134547,-0.2904499,-0.2173507,-0.9482148,-0.06814539,0.2213678,0.05693997,0.9459499,0.372975,0,1
43.28303,6,30,-0.1764899,1.128963,-0.2873901,-0.2189866,-0.9475253,-0.06251426,0.2243493,0.05693997,0.9459499,0.372975,0,1
43.29489,6,31,-0.1794594,1.124025,-0.2840435,-0.2187893,-0.9467527,-0.05771938,0.2290396,0.05693997,0.9459499,0.372975,0,1
43.30499,6,32,-0.1827392,1.118926,-0.280669,-0.2171372,-0.9462891,-0.05265751,0.2336999,0.05693997,0.9459499,0.372975,0,1
43.31806,6,33,-0.1879147,1.115048,-0.2768044,-0.2118584,-0.9458212,-0.04738799,0.2414391,0.05693997,0.9459499,0.372975,0,1
43.32702,6,34,-0.1936535,1.111091,-0.2730021,-0.2047764,-0.9452996,-0.04156983,0.2504941,0.05693997,0.9459499,0.372975,0,1
43.34064,6,35,-0.199676,1.107427,-0.2692523,-0.1983965,-0.9439679,-0.03593141,0.2612898,0.05693997,0.9459499,0.372975,0,1
43.34925,6,36,-0.2058055,1.103889,-0.2656006,-0.1911507,-0.942548,-0.03048255,0.2722783,0.05693997,0.9459499,0.372975,0,1
43.36084,6,37,-0.2120683,1.100507,-0.2623837,-0.1830399,-0.9411288,-0.02347523,0.2832348,0.05693997,0.9459499,0.372975,0,1
43.37222,6,38,-0.2176757,1.096948,-0.2590738,-0.1760652,-0.9396161,-0.01577057,0.2930425,0.05693997,0.9459499,0.372975,0,1
43.38298,6,39,-0.2225079,1.094399,-0.256389,-0.1725902,-0.937238,-0.007528782,0.3028878,0.05693997,0.9459499,0.372975,0,1
46.00976,7,1,-0.2965096,1.24449,-0.2277209,-0.1326217,-0.896863,-0.166434,0.3877473,0.05693997,1,0.9446379,0,1
46.01962,7,2,-0.2925299,1.241433,-0.2319837,-0.1376915,-0.9012483,-0.1617806,0.3776501,0.05693997,1,0.9446379,0,1
46.03051,7,3,-0.2887723,1.239074,-0.2355855,-0.1415925,-0.9047289,-0.1578972,0.3694397,0.05693997,1,0.9446379,0,1
46.04284,7,4,-0.2850917,1.235176,-0.238406,-0.1446137,-0.9075678,-0.1538515,0.3629563,0.05693997,1,0.9446379,0,1
46.05331,7,5,-0.2815419,1.231454,-0.241037,-0.1466941,-0.9099573,-0.1505836,0.3574679,0.05693997,1,0.9446379,0,1
46.06419,7,6,-0.2784516,1.226946,-0.2429293,-0.1472801,-0.9124669,-0.1461425,0.3526405,0.05693997,1,0.9446379,0,1
46.07494,7,7,-0.275045,1.222376,-0.2444596,-0.1482765,-0.9154607,-0.1412051,0.3464202,0.05693997,1,0.9446379,0,1
46.08635,7,8,-0.2711511,1.216868,-0.2456648,-0.1494347,-0.9187186,-0.1352062,0.3396245,0.05693997,1,0.9446379,0,1
46.09755,7,9,-0.2671284,1.210514,-0.2465365,-0.1503402,-0.9221225,-0.12906,0.3323127,0.05693997,1,0.9446379,0,1
46.11119,7,10,-0.2628123,1.204432,-0.2471517,-0.1509337,-0.9254112,-0.1235003,0.3249321,0.05693997,1,0.9446379,0,1
46.11961,7,11,-0.257826,1.19724,-0.2472909,-0.1502447,-0.9290194,-0.1175217,0.3170776,0.05693997,1,0.9446379,0,1
46.13099,7,12,-0.2531644,1.189524,-0.2473702,-0.1514612,-0.9323606,-0.1102901,0.3091915,0.05693997,1,0.9446379,0,1
46.14345,7,13,-0.2477453,1.181471,-0.2472433,-0.1539093,-0.9363559,-0.1020239,0.2985645,0.05693997,1,0.9446379,0,1
46.15373,7,14,-0.2424946,1.173102,-0.2468553,-0.1573482,-0.9400005,-0.0942874,0.2876641,0.05693997,1,0.9446379,0,1
46.16768,7,15,-0.2381216,1.165272,-0.2462766,-0.1611938,-0.9424433,-0.08680971,0.279788,0.05693997,1,0.9446379,0,1
46.17553,7,16,-0.2353068,1.157253,-0.2446839,-0.1637948,-0.9436258,-0.07954849,0.2764306,0.05693997,1,0.9446379,0,1
46.18584,7,17,-0.2341157,1.149542,-0.2423524,-0.161384,-0.9443562,-0.07339254,0.2770562,0.05693997,1,0.9446379,0,1
46.198,7,18,-0.2343675,1.14193,-0.239821,-0.1555826,-0.945496,-0.06611872,0.2783161,0.05693997,1,0.9446379,0,1
46.20831,7,19,-0.2352014,1.13433,-0.2368878,-0.1492166,-0.9466808,-0.05789888,0.2796029,0.05693997,1,0.9446379,0,1
46.21962,7,20,-0.2358046,1.127127,-0.2340705,-0.144784,-0.9478483,-0.05012527,0.2794797,0.05693997,1,0.9446379,0,1
46.23098,7,21,-0.237989,1.120168,-0.2305162,-0.1405119,-0.9483569,-0.04292333,0.2811285,0.05693997,1,0.9446379,0,1
46.24259,7,22,-0.2408003,1.113991,-0.2265956,-0.1360692,-0.9480681,-0.03650968,0.2851652,0.05693997,1,0.9446379,0,1
46.25278,7,23,-0.2444072,1.108374,-0.221982,-0.1306219,-0.9474235,-0.0305565,0.2905049,0.05693997,1,0.9446379,0,1
46.26396,7,24,-0.2486493,1.102914,-0.2169337,-0.1263171,-0.9462209,-0.02527255,0.2967681,0.05693997,1,0.9446379,0,1
46.27547,7,25,-0.2522325,1.097845,-0.2122509,-0.1223946,-0.9450453,-0.02084704,0.3024472,0.05693997,1,0.9446379,0,1
46.28635,7,26,-0.2571117,1.094197,-0.2063859,-0.1183737,-0.9432269,-0.01813498,0.3098094,0.05693997,1,0.9446379,0,1
46.29758,7,27,-0.261426,1.089989,-0.2010309,-0.115301,-0.9414585,-0.01394156,0.3164921,0.05693997,1,0.9446379,0,1
46.30895,7,28,-0.2672966,1.087023,-0.1953071,-0.1151482,-0.9386895,-0.009929538,0.3248143,0.05693997,1,0.9446379,0,1
46.31966,7,29,-0.273271,1.084483,-0.18952,-0.1133759,-0.9361683,-0.00672099,0.3327008,0.05693997,1,0.9446379,0,1
46.33132,7,30,-0.2789873,1.081668,-0.183931,-0.1108306,-0.9335778,-0.002889067,0.3407945,0.05693997,1,0.9446379,0,1
46.34237,7,31,-0.2858587,1.080232,-0.1786529,-0.1073731,-0.9304735,0.0005499423,0.3502711,0.05693997,1,0.9446379,0,1
46.35357,7,32,-0.2931973,1.079764,-0.1732254,-0.1030901,-0.9270244,0.002117842,0.3605466,0.05693997,1,0.9446379,0,1
46.3654,7,33,-0.3000846,1.079715,-0.1678444,-0.0998726,-0.9233907,0.002811849,0.370631,0.05693997,1,0.9446379,0,1
46.37621,7,34,-0.3077766,1.083395,-0.163036,-0.09660655,-0.9187213,-0.001478091,0.3829053,0.05693997,1,0.9446379,0,1
46.38668,7,35,-0.3145155,1.085865,-0.1582795,-0.09377139,-0.9144505,-0.00432831,0.3936606,0.05693997,1,0.9446379,0,1
46.3984,7,36,-0.3208024,1.091026,-0.1543146,-0.0902673,-0.9102968,-0.009849593,0.4038746,0.05693997,1,0.9446379,0,1
46.40961,7,37,-0.3264181,1.097031,-0.1511945,-0.08600435,-0.907354,-0.01572758,0.4111748,0.05693997,1,0.9446379,0,1
46.42136,7,38,-0.3318256,1.102941,-0.1482206,-0.08293005,-0.9046796,-0.02113679,0.4174095,0.05693997,1,0.9446379,0,1
46.43324,7,39,-0.3358411,1.111229,-0.1469216,-0.08358295,-0.9029431,-0.02872866,0.4205739,0.05693997,1,0.9446379,0,1
46.44448,7,40,-0.3390846,1.120381,-0.1462516,-0.08837041,-0.9006896,-0.03781299,0.4236969,0.05693997,1,0.9446379,0,1
46.45381,7,41,-0.3417087,1.130196,-0.1462725,-0.09353404,-0.8984151,-0.0485356,0.4263169,0.05693997,1,0.9446379,0,1
46.46612,7,42,-0.3431125,1.140777,-0.1471205,-0.09825319,-0.8967714,-0.05929172,0.4273547,0.05693997,1,0.9446379,0,1
46.47857,7,43,-0.3453715,1.150248,-0.1478197,-0.1016257,-0.8953579,-0.06843843,0.4281621,0.05693997,1,0.9446379,0,1
46.48729,7,44,-0.3467301,1.160401,-0.1502592,-0.1059249,-0.8948175,-0.07738203,0.4267245,0.05693997,1,0.9446379,0,1
46.49975,7,45,-0.3476193,1.170762,-0.1531587,-0.1104574,-0.8944662,-0.08662622,0.4245296,0.05693997,1,0.9446379,0,1
46.51132,7,46,-0.3483065,1.181099,-0.1562355,-0.1158446,-0.8934302,-0.09661883,0.4231163,0.05693997,1,0.9446379,0,1
46.52114,7,47,-0.3486676,1.190907,-0.1596611,-0.1215601,-0.8917771,-0.1063917,0.4226555,0.05693997,1,0.9446379,0,1
46.53301,7,48,-0.3491768,1.200749,-0.1627797,-0.1252988,-0.8907202,-0.1160768,0.421241,0.05693997,1,0.9446379,0,1
46.54407,7,49,-0.3485837,1.20981,-0.1670812,-0.1285033,-0.8910062,-0.1241766,0.4173431,0.05693997,1,0.9446379,0,1
46.55471,7,50,-0.3478473,1.218605,-0.1712006,-0.1330906,-0.8907279,-0.1317443,0.4141669,0.05693997,1,0.9446379,0,1
46.56933,7,51,-0.3463583,1.226528,-0.1761994,-0.137775,-0.8915079,-0.1381489,0.4088359,0.05693997,1,0.9446379,0,1
46.57839,7,52,-0.3442191,1.23405,-0.1814013,-0.1425476,-0.8925375,-0.1439506,0.4029086,0.05693997,1,0.9446379,0,1
46.58864,7,53,-0.3417723,1.24099,-0.18658,-0.1469872,-0.8933765,-0.1501401,0.3971538,0.05693997,1,0.9446379,0,1
46.60003,7,54,-0.3381094,1.247217,-0.1923054,-0.15085,-0.8953198,-0.155274,0.3892773,0.05693997,1,0.9446379,0,1
46.61049,7,55,-0.3336605,1.252382,-0.1983407,-0.1561335,-0.8982817,-0.1581044,0.3790982,0.05693997,1,0.9446379,0,1
46.62147,7,56,-0.3277619,1.256325,-0.2049222,-0.1648325,-0.9012381,-0.1593101,0.3677235,0.05693997,1,0.9446379,0,1
46.63414,7,57,-0.3209235,1.259345,-0.2116581,-0.1742796,-0.9048896,-0.1595692,0.354033,0.05693997,1,0.9446379,0,1
46.64501,7,58,-0.3124383,1.261097,-0.2186301,-0.1841824,-0.9094747,-0.1583037,0.3374502,0.05693997,1,0.9446379,0,1
46.65525,7,59,-0.3043405,1.262577,-0.2253823,-0.1945981,-0.913475,-0.157233,0.3208938,0.05693997,1,0.9446379,0,1
46.66779,7,60,-0.2941207,1.261817,-0.232094,-0.2085288,-0.9178947,-0.1536057,0.3006499,0.05693997,1,0.9446379,0,1
49.52721,8,1,0.1747278,0.9618347,-0.4990299,0.3446665,0.8803962,0.3220046,-0.0492001,0.05693997,0.7263901,1,0.6631951,1
49.53722,8,2,0.1747157,0.9551989,-0.5003576,0.3467361,0.8821199,0.3155004,-0.04580548,0.05693997,0.7263901,1,0.6631951,1
49.54831,8,3,0.1750413,0.9480385,-0.5006718,0.3465398,0.8842728,0.310443,-0.03996415,0.05693997,0.7263901,1,0.6631951,1
49.56081,8,4,0.174657,0.9410465,-0.5011932,0.3465183,0.8855338,0.3072104,-0.0371068,0.05693997,0.7263901,1,0.6631951,1
49.57184,8,5,0.1744758,0.9329159,-0.5004501,0.3459844,0.8864368,0.3053839,-0.03557115,0.05693997,0.7263901,1,0.6631951,1
49.58193,8,6,0.1742969,0.9240356,-0.4996047,0.3456113,0.8872059,0.3036823,-0.03457855,0.05693997,0.7263901,1,0.6631951,1
49.59335,8,7,0.173984,0.9144621,-0.4984773,0.3452356,0.888042,0.3018011,-0.03331705,0.05693997,0.7263901,1,0.6631951,1
49.60448,8,8,0.1735284,0.9039459,-0.4970597,0.3438883,0.8896928,0.298617,-0.03186556,0.05693997,0.7263901,1,0.6631951,1
49.61559,8,9,0.1728338,0.892872,-0.4956222,0.3406431,0.8921961,0.2949023,-0.03132393,0.05693997,0.7263901,1,0.6631951,1
49.62929,8,10,0.1723513,0.8817558,-0.494237,0.3364617,0.8952649,0.2903865,-0.03114646,0.05693997,0.7263901,1,0.6631951,1
49.63868,8,11,0.1714386,0.8690482,-0.4925974,0.3297819,0.9000444,0.2832757,-0.03031258,0.05693997,0.7263901,1,0.6631951,1
49.64983,8,12,0.1709117,0.8552204,-0.4913465,0.3252067,0.904559,0.2744189,-0.026609,0.05693997,0.7263901,1,0.6631951,1
49.66185,8,13,0.1704578,0.8405559,-0.4904093,0.3257974,0.9073411,0.2648032,-0.02162485,0.05693997,0.7263901,1,0.6631951,1
49.67175,8,14,0.1703268,0.8253056,-0.4893018,0.3289474,0.9088317,0.2560462,-0.01609209,0.05693997,0.7263901,1,0.6631951,1
49.68501,8,15,0.1705044,0.8105255,-0.4883058,0.3307859,0.9104728,0.2479682,-0.01148175,0.05693997,0.7263901,1,0.6631951,1
49.69538,8,16,0.1697335,0.7955992,-0.4872851,0.3321166,0.9123848,0.2391473,-0.007826589,0.05693997,0.7263901,1,0.6631951,1
49.70547,8,17,0.1687715,0.7813692,-0.4859529,0.3305177,0.9156438,0.2287574,-0.004960898,0.05693997,0.7263901,1,0.6631951,1
49.71613,8,18,0.1679416,0.7676179,-0.4854413,0.326066,0.9200555,0.2172007,-0.001682531,0.05693997,0.7263901,1,0.6631951,1
49.73094,8,19,0.166889,0.7546175,-0.4851253,0.3232826,0.9236361,0.205864,0.002164047,0.05693997,0.7263901,1,0.6631951,1
49.73879,8,20,0.1658058,0.7437226,-0.4850969,0.3251148,0.9254598,0.1943641,0.006869901,0.05693997,0.7263901,1,0.6631951,1
49.75,8,21,0.1650349,0.7342606,-0.4855147,0.3332343,0.9243753,0.1853512,0.01141304,0.05693997,0.7263901,1,0.6631951,1
49.76212,8,22,0.1635615,0.7279715,-0.4861683,0.3427444,0.921851,0.1802498,0.01506671,0.05693997,0.7263901,1,0.6631951,1
49.77238,8,23,0.1622689,0.7258018,-0.4868158,0.350077,0.919539,0.1778736,0.01597588,0.05693997,0.7263901,1,0.6631951,1
49.78443,8,24,0.1602348,0.7265684,-0.4877438,0.3542461,0.9179133,0.1781806,0.01402116,0.05693997,0.7263901,1,0.6631951,1
49.7957,8,25,0.1575367,0.7278805,-0.4885845,0.3544118,0.9178276,0.1784985,0.01110093,0.05693997,0.7263901,1,0.6631951,1
49.80622,8,26,0.1544719,0.7361475,-0.4894208,0.3464028,0.919959,0.1834922,0.003353711,0.05693997,0.7263901,1,0.6631951,1
49.81725,8,27,0.1498944,0.7467511,-0.4898834,0.3338561,0.9231967,0.1902685,-0.006780826,0.05693997,0.7263901,1,0.6631951,1
49.82901,8,28,0.1456053,0.7582424,-0.4903853,0.3258772,0.9239128,0.1996729,-0.01788756,0.05693997,0.7263901,1,0.6631951,1
49.83979,8,29,0.1431006,0.7690235,-0.4903082,0.321652,0.923178,0.2087485,-0.02658453,0.05693997,0.7263901,1,0.6631951,1
49.85037,8,30,0.139342,0.7831016,-0.4887718,0.3162814,0.9218781,0.2210031,-0.03555883,0.05693997,0.7263901,1,0.6631951,1
49.86254,8,31,0.1368409,0.7957425,-0.4873693,0.3113525,0.9207934,0.2311479,-0.0420726,0.05693997,0.7263901,1,0.6631951,1
49.87294,8,32,0.1348518,0.807413,-0.4858035,0.3068818,0.9199495,0.239363,-0.04713703,0.05693997,0.7263901,1,0.6631951,1
49.88483,8,33,0.1333714,0.8187174,-0.4834505,0.3042313,0.9186616,0.2469539,-0.05018013,0.05693997,0.7263901,1,0.6631951,1
49.89666,8,34,0.1323547,0.8285632,-0.4804906,0.3034542,0.9169099,0.2538446,-0.05248502,0.05693997,0.7263901,1,0.6631951,1
49.90635,8,35,0.1314831,0.8366044,-0.4775625,-0.3038398,-0.9147493,-0.2607276,0.05418868,0.05693997,0.7263901,1,0.6631951,1
49.9174,8,36,0.1310897,0.8424076,-0.4746376,-0.3064041,-0.9118542,-0.2673043,0.05645312,0.05693997,0.7263901,1,0.6631951,1
49.93044,8,37,0.1303225,0.846558,-0.4714562,-0.3110203,-0.9089156,-0.2715589,0.05826516,0.05693997,0.7263901,1,0.6631951,1
49.93993,8,38,0.1288868,0.8495202,-0.4686613,-0.3157485,-0.906233,-0.2747253,0.05975603,0.05693997,0.7263901,1,0.6631951,1
49.95073,8,39,0.1286311,0.8466029,-0.4665838,0.3267429,0.9039541,0.2702279,-0.05552469,0.05693997,0.7263901,1,0.6631951,1
49.9633,8,40,0.1275262,0.8459522,-0.464274,0.3341147,0.9022538,0.2674583,-0.05264551,0.05693997,0.7263901,1,0.6631951,1
49.97322,8,41,0.1257864,0.8416765,-0.462409,0.3421991,0.9012213,0.2612469,-0.04949919,0.05693997,0.7263901,1,0.6631951,1
49.98523,8,42,0.1245718,0.8357195,-0.4606906,0.3496803,0.9005411,0.2540609,-0.04693028,0.05693997,0.7263901,1,0.6631951,1
49.99594,8,43,0.1222448,0.8307116,-0.4583852,0.355731,0.8998988,0.2482782,-0.04467069,0.05693997,0.7263901,1,0.6631951,1
50.00694,8,44,0.1201805,0.8233771,-0.4561685,0.3606066,0.9004114,0.239994,-0.04031473,0.05693997,0.7263901,1,0.6631951,1
50.01868,8,45,0.1184399,0.814879,-0.4537738,0.3665839,0.9007541,0.2303395,-0.03467034,0.05693997,0.7263901,1,0.6631951,1
50.0301,8,46,0.1164169,0.805928,-0.4511704,0.3767664,0.8989829,0.2212738,-0.03024487,0.05693997,0.7263901,1,0.6631951,1
50.0411,8,47,0.1145173,0.7967275,-0.4481961,0.3856553,0.8974264,0.2127124,-0.02548485,0.05693997,0.7263901,1,0.6631951,1
50.05286,8,48,0.1124831,0.7883665,-0.445241,0.3913942,0.8969855,0.204444,-0.02074886,0.05693997,0.7263901,1,0.6631951,1
50.06266,8,49,0.1102362,0.7798667,-0.4425864,0.3937299,0.8979182,0.1960413,-0.01696,0.05693997,0.7263901,1,0.6631951,1
50.07444,8,50,0.1077673,0.771392,-0.4396625,0.3947675,0.8994429,0.1869224,-0.0148736,0.05693997,0.7263901,1,0.6631951,1
50.08649,8,51,0.1049465,0.7636759,-0.4372391,0.3961775,0.9007471,0.1775603,-0.01306384,0.05693997,0.7263901,1,0.6631951,1
50.09628,8,52,0.1022124,0.7562284,-0.4352649,0.3978833,0.9017076,0.1688455,-0.01017229,0.05693997,0.7263901,1,0.6631951,1
50.10779,8,53,0.1000291,0.7500176,-0.4331174,0.401549,0.9015377,0.1610762,-0.006539408,0.05693997,0.7263901,1,0.6631951,1
50.1193,8,54,0.09757316,0.7446984,-0.4313295,0.4068237,0.9004733,0.1537347,-0.002842076,0.05693997,0.7263901,1,0.6631951,1
50.13029,8,55,0.09530908,0.7415208,-0.430669,0.4153171,0.897599,0.1477419,-9.407103E-05,0.05693997,0.7263901,1,0.6631951,1
50.14182,8,56,0.09307724,0.7412503,-0.4306269,0.4223146,0.8949214,0.1441031,0.0005794168,0.05693997,0.7263901,1,0.6631951,1
50.15346,8,57,0.0903191,0.7436349,-0.4308938,0.4259774,0.8931536,0.1442716,-0.002387427,0.05693997,0.7263901,1,0.6631951,1
50.16698,8,58,0.08800119,0.7472806,-0.4313897,0.4278663,0.8921576,0.1447447,-0.005859032,0.05693997,0.7263901,1,0.6631951,1
50.17514,8,59,0.08495086,0.7553132,-0.4320758,0.4258702,0.8922793,0.1494332,-0.01191614,0.05693997,0.7263901,1,0.6631951,1
50.18472,8,60,0.08117628,0.7665854,-0.4328676,0.4228009,0.8924382,0.1561922,-0.0199375,0.05693997,0.7263901,1,0.6631951,1
50.19667,8,61,0.07801253,0.7768268,-0.4341789,0.4217427,0.8916395,0.1623243,-0.02762463,0.05693997,0.7263901,1,0.6631951,1
50.2075,8,62,0.0747447,0.7939355,-0.4354538,0.4170979,0.8907701,0.1757307,-0.04094738,0.05693997,0.7263901,1,0.6631951,1
50.21862,8,63,0.07116932,0.8082747,-0.4358989,0.4128074,0.8902763,0.1855792,-0.05058254,0.05693997,0.7263901,1,0.6631951,1
50.22947,8,64,0.06851089,0.8250602,-0.4364505,0.4074769,0.8894704,0.1977467,-0.06083926,0.05693997,0.7263901,1,0.6631951,1
50.24094,8,65,0.06638789,0.8428833,-0.4367141,0.4020638,0.8883265,0.2105055,-0.07005858,0.05693997,0.7263901,1,0.6631951,1
50.25224,8,66,0.06372559,0.859576,-0.4366883,-0.3970887,-0.8870261,-0.2222054,0.07829592,0.05693997,0.7263901,1,0.6631951,1
50.26285,8,67,0.06206191,0.8772246,-0.4363137,-0.3923665,-0.8853561,-0.2340893,0.08599615,0.05693997,0.7263901,1,0.6631951,1
50.27448,8,68,0.05963659,0.8943692,-0.4360208,-0.3865148,-0.8844066,-0.2444055,0.09325899,0.05693997,0.7263901,1,0.6631951,1
50.28558,8,69,0.05724198,0.9109221,-0.4357802,-0.3806994,-0.8835053,-0.2533911,0.1013866,0.05693997,0.7263901,1,0.6631951,1
50.29635,8,70,0.05447966,0.9268705,-0.4350666,-0.3741227,-0.8826071,-0.2626333,0.1098214,0.05693997,0.7263901,1,0.6631951,1
50.30915,8,71,0.0515976,0.9421145,-0.4342523,-0.3675743,-0.8813958,-0.2716396,0.1193427,0.05693997,0.7263901,1,0.6631951,1
50.31868,8,72,0.04893887,0.9563158,-0.433543,-0.3617611,-0.8800098,-0.2797737,0.1282129,0.05693997,0.7263901,1,0.6631951,1
50.33008,8,73,0.04654109,0.9680356,-0.4324191,-0.3578301,-0.8787378,-0.2852028,0.1357824,0.05693997,0.7263901,1,0.6631951,1
50.34153,8,74,0.04468244,0.976841,-0.4321435,-0.3574262,-0.8777245,-0.286548,0.1404869,0.05693997,0.7263901,1,0.6631951,1
50.35252,8,75,0.04362065,0.9826822,-0.4316239,-0.3611424,-0.8760422,-0.2853529,0.1438754,0.05693997,0.7263901,1,0.6631951,1
50.36382,8,76,0.04273325,0.9872267,-0.4304119,-0.3634806,-0.874496,-0.2851725,0.1477003,0.05693997,0.7263901,1,0.6631951,1
50.37479,8,77,0.04354686,0.9856978,-0.4301132,-0.3656662,-0.8754545,-0.2800125,0.1464942,0.05693997,0.7263901,1,0.6631951,1
54.28501,9,1,-0.008271217,0.8942878,-0.3243568,-0.2430826,-0.8792866,-0.3048553,0.2735493,0.05693997,0,0.3681534,0.3044601,1
54.29573,9,2,-0.003169,0.8937832,-0.3298565,-0.2498452,-0.8812924,-0.3032212,0.262599,0.05693997,0,0.3681534,0.3044601,1
54.30677,9,3,0.003028333,0.8913646,-0.3370825,-0.2586557,-0.885942,-0.2973699,0.2444898,0.05693997,0,0.3681534,0.3044601,1
54.31844,9,4,0.01039901,0.8864389,-0.3446512,-0.2674003,-0.8910789,-0.2888249,0.2259551,0.05693997,0,0.3681534,0.3044601,1
54.32882,9,5,0.01647574,0.8835292,-0.3510677,-0.2715631,-0.895358,-0.2825694,0.2115235,0.05693997,0,0.3681534,0.3044601,1
54.34158,9,6,0.02262598,0.8782545,-0.3573161,-0.2759792,-0.9002578,-0.2739565,0.1957535,0.05693997,0,0.3681534,0.3044601,1
54.35327,9,7,0.0286448,0.871498,-0.3633187,-0.2831658,-0.9035794,-0.2631817,0.1846535,0.05693997,0,0.3681534,0.3044601,1
54.36205,9,8,0.03353363,0.8645119,-0.3685962,-0.2936364,-0.9048184,-0.2526292,0.1768043,0.05693997,0,0.3681534,0.3044601,1
54.37321,9,9,0.03872514,0.8568054,-0.3722685,-0.3066782,-0.9047115,-0.2427658,0.1688507,0.05693997,0,0.3681534,0.3044601,1
54.38469,9,10,0.04394305,0.8491572,-0.3760373,-0.3197859,-0.9040042,-0.2336402,0.1610151,0.05693997,0,0.3681534,0.3044601,1
54.39547,9,11,0.04866564,0.8406167,-0.3786036,-0.3324256,-0.9028634,-0.2250756,0.1538565,0.05693997,0,0.3681534,0.3044601,1
54.40748,9,12,0.05327064,0.8321526,-0.3803985,-0.3413427,-0.9028668,-0.2171581,0.1454619,0.05693997,0,0.3681534,0.3044601,1
54.41788,9,13,0.05695713,0.822759,-0.3796799,-0.3456034,-0.9032257,-0.2125206,0.1399172,0.05693997,0,0.3681534,0.3044601,1
54.42902,9,14,0.06023502,0.8134901,-0.37999,-0.3501394,-0.9041659,-0.2054619,0.1329358,0.05693997,0,0.3681534,0.3044601,1
54.44012,9,15,0.06300992,0.8040413,-0.3784693,-0.3510541,-0.9059436,-0.1997848,0.1269376,0.05693997,0,0.3681534,0.3044601,1
54.45172,9,16,0.06460363,0.7953135,-0.3762391,-0.351382,-0.9076883,-0.1947283,0.1213003,0.05693997,0,0.3681534,0.3044601,1
54.46256,9,17,0.06657612,0.7862785,-0.3748187,-0.3524966,-0.9092684,-0.1890456,0.1150604,0.05693997,0,0.3681534,0.3044601,1
54.47394,9,18,0.06651229,0.7772301,-0.371337,-0.3497114,-0.9117883,-0.1839944,0.1117592,0.05693997,0,0.3681534,0.3044601,1
54.48539,9,19,0.06671804,0.7686855,-0.3688116,-0.3488202,-0.9134955,-0.1786393,0.1092633,0.05693997,0,0.3681534,0.3044601,1
54.49647,9,20,0.06629264,0.7602488,-0.3662035,-0.3481215,-0.9148,-0.1741251,0.1078562,0.05693997,0,0.3681534,0.3044601,1
54.50733,9,21,0.06466115,0.7524636,-0.3624946,-0.3486534,-0.9148438,-0.1715998,0.1097963,0.05693997,0,0.3681534,0.3044601,1
54.52112,9,22,0.06244242,0.7451286,-0.3582016,-0.3501861,-0.914373,-0.1694163,0.1122044,0.05693997,0,0.3681534,0.3044601,1
54.52956,9,23,0.05935758,0.738048,-0.3541043,-0.3500666,-0.9146798,-0.1660939,0.1150097,0.05693997,0,0.3681534,0.3044601,1
54.54074,9,24,0.05570132,0.7316889,-0.3499984,-0.3485993,-0.9155658,-0.1618785,0.1183776,0.05693997,0,0.3681534,0.3044601,1
54.55206,9,25,0.05117571,0.7261405,-0.3456722,-0.3452808,-0.9168138,-0.1583289,0.1231489,0.05693997,0,0.3681534,0.3044601,1
54.56328,9,26,0.04643422,0.720816,-0.3415417,-0.3416972,-0.9180041,-0.1551343,0.1282376,0.05693997,0,0.3681534,0.3044601,1
54.57442,9,27,0.03993565,0.7171249,-0.336966,-0.3364866,-0.9192382,-0.1523615,0.1362498,0.05693997,0,0.3681534,0.3044601,1
54.58568,9,28,0.03241831,0.7145482,-0.3323031,-0.3311341,-0.9201952,-0.1496163,0.1456232,0.05693997,0,0.3681534,0.3044601,1
54.59658,9,29,0.02418602,0.7129435,-0.3276567,-0.3249572,-0.9208894,-0.1483752,0.1560457,0.05693997,0,0.3681534,0.3044601,1
54.60768,9,30,0.01638731,0.7115255,-0.3227939,-0.3189695,-0.921138,-0.1480573,0.1668598,0.05693997,0,0.3681534,0.3044601,1
54.61929,9,31,0.007107109,0.7123898,-0.3177788,-0.3118696,-0.9205562,-0.14949,0.1815667,0.05693997,0,0.3681534,0.3044601,1
54.6305,9,32,-0.002406597,0.7140379,-0.3128706,-0.3043661,-0.9198996,-0.1504366,0.1962525,0.05693997,0,0.3681534,0.3044601,1
54.64153,9,33,-0.0117169,0.7168972,-0.3086705,-0.2985688,-0.9182359,-0.1522048,0.2110291,0.05693997,0,0.3681534,0.3044601,1
54.65332,9,34,-0.020491,0.7210201,-0.3046355,-0.2952383,-0.9154815,-0.1557098,0.2246832,0.05693997,0,0.3681534,0.3044601,1
54.66508,9,35,-0.02777714,0.7260087,-0.3011251,-0.2948568,-0.9119337,-0.1599529,0.2363294,0.05693997,0,0.3681534,0.3044601,1
54.67573,9,36,-0.03499684,0.7305614,-0.2976157,-0.2940085,-0.9087052,-0.1638504,0.246915,0.05693997,0,0.3681534,0.3044601,1
54.68855,9,37,-0.04012215,0.7377979,-0.2960737,-0.2958974,-0.9054124,-0.1690155,0.2531933,0.05693997,0,0.3681534,0.3044601,1
54.69936,9,38,-0.04515314,0.7450166,-0.2944177,-0.2959986,-0.9026094,-0.1732527,0.2601245,0.05693997,0,0.3681534,0.3044601,1
54.71272,9,39,-0.05027515,0.7519072,-0.2926123,-0.2948429,-0.8999406,-0.1780636,0.2673351,0.05693997,0,0.3681534,0.3044601,1
54.72223,9,40,-0.05351013,0.7601597,-0.291811,-0.2945012,-0.8970618,-0.1842912,0.2731043,0.05693997,0,0.3681534,0.3044601,1
54.73138,9,41,-0.05698365,0.7682577,-0.2910149,-0.2955948,-0.8937744,-0.1898749,0.2788165,0.05693997,0,0.3681534,0.3044601,1
54.74244,9,42,-0.0584484,0.7773587,-0.2911341,-0.3000609,-0.8899949,-0.1962872,0.2816803,0.05693997,0,0.3681534,0.3044601,1
54.75404,9,43,-0.05885392,0.7867333,-0.2919124,-0.3046295,-0.8864858,-0.2032274,0.282918,0.05693997,0,0.3681534,0.3044601,1
54.76498,9,44,-0.05853751,0.796744,-0.2928971,-0.3065023,-0.8838127,-0.210631,0.2838419,0.05693997,0,0.3681534,0.3044601,1
54.77609,9,45,-0.05790547,0.8067106,-0.2943424,-0.3073297,-0.8813101,-0.218753,0.2845845,0.05693997,0,0.3681534,0.3044601,1
54.78799,9,46,-0.05627492,0.8165051,-0.2961463,-0.3091661,-0.8785994,-0.2274296,0.2841747,0.05693997,0,0.3681534,0.3044601,1
54.79835,9,47,-0.05444062,0.8264384,-0.2978881,-0.3116259,-0.8758179,-0.2354716,0.2835235,0.05693997,0,0.3681534,0.3044601,1
54.80983,9,48,-0.0514853,0.8357544,-0.3003607,-0.3156273,-0.8732862,-0.2426361,0.2808529,0.05693997,0,0.3681534,0.3044601,1
54.82214,9,49,-0.04801238,0.8448513,-0.3033782,-0.3211758,-0.8705854,-0.2488241,0.2775137,0.05693997,0,0.3681534,0.3044601,1
54.83182,9,50,-0.04397255,0.8533798,-0.3065715,-0.326502,-0.8682781,-0.2553899,0.2725173,0.05693997,0,0.3681534,0.3044601,1
54.8437,9,51,-0.03941283,0.8616225,-0.3097676,-0.3313698,-0.8661056,-0.2619292,0.2672982,0.05693997,0,0.3681534,0.3044601,1
54.85561,9,52,-0.03524974,0.8694549,-0.3130281,-0.3360551,-0.8636231,-0.2677375,0.2637019,0.05693997,0,0.3681534,0.3044601,1
54.86526,9,53,-0.03039807,0.8766106,-0.3166019,-0.3401396,-0.8616001,-0.2729972,0.2596594,0.05693997,0,0.3681534,0.3044601,1
54.87657,9,54,-0.02525902,0.883158,-0.3201278,-0.3426421,-0.8607752,-0.2779018,0.253837,0.05693997,0,0.3681534,0.3044601,1
54.88869,9,55,-0.02009511,0.8889492,-0.3236283,-0.3443596,-0.860798,-0.2819327,0.2468954,0.05693997,0,0.3681534,0.3044601,1
54.89936,9,56,-0.01510569,0.894205,-0.3269389,-0.3469658,-0.8603047,-0.2856197,0.2406492,0.05693997,0,0.3681534,0.3044601,1
54.91004,9,57,-0.009479374,0.8968256,-0.3303521,-0.3506381,-0.8606449,-0.2862095,0.2332968,0.05693997,0,0.3681534,0.3044601,1
54.92207,9,58,-0.00409767,0.900093,-0.3336036,-0.3549828,-0.8603631,-0.2873016,0.2263194,0.05693997,0,0.3681534,0.3044601,1
54.93243,9,59,0.001079857,0.9000928,-0.3366021,-0.3598954,-0.8611608,-0.2851173,0.2181414,0.05693997,0,0.3681534,0.3044601,1
54.94666,9,60,0.006389767,0.9002377,-0.3396707,-0.3651713,-0.8617669,-0.2824669,0.2102861,0.05693997,0,0.3681534,0.3044601,1
54.95529,9,61,0.01131347,0.8973359,-0.3426835,-0.3722755,-0.8627716,-0.2760258,0.202104,0.05693997,0,0.3681534,0.3044601,1
54.96648,9,62,0.01596034,0.8911012,-0.3450149,-0.3801664,-0.8645741,-0.2661411,0.1927541,0.05693997,0,0.3681534,0.3044601,1
54.9779,9,63,0.02067012,0.8870899,-0.3474227,-0.3868636,-0.8655577,-0.2591675,0.1843332,0.05693997,0,0.3681534,0.3044601,1
57.23425,10,1,-0.07657138,0.8693037,-0.26685,-0.3715175,-0.874947,-0.255939,0.1758914,0.05693997,0.6523689,0.9261845,0.9261845,1
57.24646,10,2,-0.07647124,0.8695079,-0.2673197,-0.3777304,-0.8732633,-0.2544802,0.1731212,0.05693997,0.6523689,0.9261845,0.9261845,1
57.25587,10,3,-0.07708818,0.870602,-0.2676179,-0.3839369,-0.8700027,-0.2562556,0.1732654,0.05693997,0.6523689,0.9261845,0.9261845,1
57.26794,10,4,-0.07768929,0.8721349,-0.2676716,-0.3871663,-0.8678776,-0.2578919,0.1743066,0.05693997,0.6523689,0.9261845,0.9261845,1
57.2784,10,5,-0.07943368,0.8747932,-0.2670114,-0.3855312,-0.8667536,-0.2608908,0.1789974,0.05693997,0.6523689,0.9261845,0.9261845,1
57.29119,10,6,-0.08185926,0.878144,-0.2659286,-0.3788544,-0.8673517,-0.2648526,0.1844549,0.05693997,0.6523689,0.9261845,0.9261845,1
57.30163,10,7,-0.08467317,0.8816758,-0.2645102,-0.3711146,-0.8680764,-0.2695053,0.1899586,0.05693997,0.6523689,0.9261845,0.9261845,1
57.31358,10,8,-0.08776769,0.8848796,-0.2623997,-0.3641727,-0.8681484,-0.2742471,0.1961763,0.05693997,0.6523689,0.9261845,0.9261845,1
57.32281,10,9,-0.09110487,0.8883569,-0.260157,-0.3575912,-0.8683762,-0.2782609,0.2015496,0.05693997,0.6523689,0.9261845,0.9261845,1
57.33567,10,10,-0.09539649,0.8903359,-0.2567819,-0.346233,-0.8695556,-0.2828408,0.2097547,0.05693997,0.6523689,0.9261845,0.9261845,1
57.34542,10,11,-0.09889394,0.8921199,-0.2540826,-0.3364129,-0.8707322,-0.2864397,0.2158802,0.05693997,0.6523689,0.9261845,0.9261845,1
57.35722,10,12,-0.1031398,0.8928711,-0.2506258,-0.3244123,-0.8732134,-0.2884361,0.2214946,0.05693997,0.6523689,0.9261845,0.9261845,1
57.3686,10,13,-0.1071024,0.8911245,-0.2474722,-0.3140809,-0.8758318,-0.2879958,0.2265618,0.05693997,0.6523689,0.9261845,0.9261845,1
57.37907,10,14,-0.1105841,0.8895762,-0.2449889,-0.3066114,-0.8776795,-0.2867034,0.2312342,0.05693997,0.6523689,0.9261845,0.9261845,1
57.38992,10,15,-0.1128864,0.8850041,-0.2429159,-0.3035326,-0.8796965,-0.2824057,0.2329147,0.05693997,0.6523689,0.9261845,0.9261845,1
57.40297,10,16,-0.1144978,0.8785579,-0.2412937,-0.3038336,-0.881622,-0.2769536,0.2317857,0.05693997,0.6523689,0.9261845,0.9261845,1
57.41228,10,17,-0.1148368,0.8706517,-0.2407495,-0.3072992,-0.8828779,-0.2711837,0.2292451,0.05693997,0.6523689,0.9261845,0.9261845,1
57.42351,10,18,-0.115046,0.8621508,-0.2396134,-0.3123523,-0.8833435,-0.2661141,0.2265476,0.05693997,0.6523689,0.9261845,0.9261845,1
57.43589,10,19,-0.1154545,0.8523802,-0.238473,-0.3157484,-0.8846477,-0.2600266,0.223803,0.05693997,0.6523689,0.9261845,0.9261845,1
57.44654,10,20,-0.1154002,0.8427109,-0.2380496,-0.3164617,-0.8868012,-0.2537241,0.2214941,0.05693997,0.6523689,0.9261845,0.9261845,1
57.45703,10,21,-0.1155607,0.8329526,-0.2370375,-0.3163298,-0.8893266,-0.2470477,0.2190918,0.05693997,0.6523689,0.9261845,0.9261845,1
57.46934,10,22,-0.1146736,0.8211753,-0.2362175,-0.3122646,-0.8936211,-0.2389746,0.216387,0.05693997,0.6523689,0.9261845,0.9261845,1
57.47988,10,23,-0.1138409,0.8095834,-0.2351286,-0.3068736,-0.8986856,-0.2306809,0.2120829,0.05693997,0.6523689,0.9261845,0.9261845,1
57.49108,10,24,-0.1129729,0.7985068,-0.2344128,-0.3045853,-0.9026441,-0.2222394,0.2075362,0.05693997,0.6523689,0.9261845,0.9261845,1
57.50255,10,25,-0.110301,0.786947,-0.2340927,-0.3070855,-0.9051184,-0.213504,0.2021762,0.05693997,0.6523689,0.9261845,0.9261845,1
57.51333,10,26,-0.1071572,0.7755259,-0.2332418,-0.3112289,-0.9068458,-0.2061184,0.1956594,0.05693997,0.6523689,0.9261845,0.9261845,1
57.52781,10,27,-0.1034341,0.7640426,-0.2327272,-0.3125093,-0.9096688,-0.198943,0.1877831,0.05693997,0.6523689,0.9261845,0.9261845,1
57.53667,10,28,-0.09934595,0.7537345,-0.2324586,-0.3111136,-0.913784,-0.1906004,0.1785459,0.05693997,0.6523689,0.9261845,0.9261845,1
57.54597,10,29,-0.09566671,0.7429194,-0.2318711,-0.3104864,-0.9174719,-0.1817894,0.1696945,0.05693997,0.6523689,0.9261845,0.9261845,1
57.55844,10,30,-0.09233341,0.7334453,-0.2319136,-0.3120721,-0.9200692,-0.1737277,0.1609427,0.05693997,0.6523689,0.9261845,0.9261845,1
57.5689,10,31,-0.08872941,0.725319,-0.2320482,-0.3171068,-0.9211154,-0.1668142,0.1521934,0.05693997,0.6523689,0.9261845,0.9261845,1
57.57987,10,32,-0.08564278,0.7188082,-0.2320276,-0.3250153,-0.9207206,-0.1612753,0.1436278,0.05693997,0.6523689,0.9261845,0.9261845,1
57.59151,10,33,-0.08338654,0.7130652,-0.2323757,-0.3325195,-0.919909,-0.1564601,0.1368157,0.05693997,0.6523689,0.9261845,0.9261845,1
57.60217,10,34,-0.08299834,0.7135267,-0.2332875,-0.3390282,-0.9178686,-0.1555259,0.1356058,0.05693997,0.6523689,0.9261845,0.9261845,1
57.61308,10,35,-0.08303085,0.7129392,-0.2333695,-0.339444,-0.9181319,-0.154125,0.1343775,0.05693997,0.6523689,0.9261845,0.9261845,1
57.62439,10,36,-0.08410314,0.7146067,-0.2340102,-0.3361051,-0.9190233,-0.1550162,0.1356447,0.05693997,0.6523689,0.9261845,0.9261845,1
57.63533,10,37,-0.08750996,0.7249439,-0.2348241,-0.3241974,-0.9202763,-0.1644183,0.1447563,0.05693997,0.6523689,0.9261845,0.9261845,1
57.64645,10,38,-0.08952573,0.7312849,-0.2350689,-0.3212735,-0.9191232,-0.1710315,0.1508116,0.05693997,0.6523689,0.9261845,0.9261845,1
57.65763,10,39,-0.0933595,0.7421367,-0.2353317,-0.3207709,-0.915921,-0.1814866,0.1589258,0.05693997,0.6523689,0.9261845,0.9261845,1
57.66925,10,40,-0.09531942,0.7533919,-0.2355634,-0.32172,-0.9121742,-0.1926876,0.1652454,0.05693997,0.6523689,0.9261845,0.9261845,1
57.6812,10,41,-0.09772852,0.7638107,-0.2351098,-0.3216121,-0.9093451,-0.2018035,0.1700952,0.05693997,0.6523689,0.9261845,0.9261845,1
57.69107,10,42,-0.099004,0.7757936,-0.2349006,-0.3216664,-0.9063451,-0.2113521,0.1743546,0.05693997,0.6523689,0.9261845,0.9261845,1
57.70293,10,43,-0.1001014,0.7877114,-0.2349274,-0.3203626,-0.9043432,-0.2192746,0.1773413,0.05693997,0.6523689,0.9261845,0.9261845,1
57.71364,10,44,-0.1003487,0.7990014,-0.2347232,-0.3201202,-0.902333,-0.2265627,0.1788503,0.05693997,0.6523689,0.9261845,0.9261845,1
57.72503,10,45,-0.09988961,0.8099236,-0.2345735,-0.3219922,-0.8999465,-0.2337718,0.1782365,0.05693997,0.6523689,0.9261845,0.9261845,1
57.73563,10,46,-0.09961972,0.8201478,-0.2343599,-0.3244773,-0.8973528,-0.2407636,0.1774976,0.05693997,0.6523689,0.9261845,0.9261845,1
57.7472,10,47,-0.09834445,0.8298295,-0.2344341,-0.329097,-0.8942919,-0.2467777,0.1761755,0.05693997,0.6523689,0.9261845,0.9261845,1
57.75869,10,48,-0.09741169,0.8391551,-0.2340439,-0.3324572,-0.8917117,-0.2519357,0.1756447,0.05693997,0.6523689,0.9261845,0.9261845,1
57.76913,10,49,-0.09773436,0.847791,-0.2333741,-0.3328461,-0.8898001,-0.257809,0.1760789,0.05693997,0.6523689,0.9261845,0.9261845,1
57.78059,10,50,-0.09790179,0.8565429,-0.2327462,-0.3329385,-0.8870532,-0.2651775,0.1788003,0.05693997,0.6523689,0.9261845,0.9261845,1
57.79189,10,51,-0.09922382,0.8646329,-0.2312282,-0.3308629,-0.8846155,-0.2720345,0.1843435,0.05693997,0.6523689,0.9261845,0.9261845,1
57.8025,10,52,-0.1024701,0.8706301,-0.2294973,-0.3280385,-0.8837975,-0.2748183,0.1891234,0.05693997,0.6523689,0.9261845,0.9261845,1
57.81412,10,53,-0.1049773,0.8774449,-0.228279,-0.3280146,-0.8819166,-0.2783221,0.1927862,0.05693997,0.6523689,0.9261845,0.9261845,1
57.82499,10,54,-0.1092336,0.8828457,-0.2263993,-0.327817,-0.8801057,-0.2805653,0.1980734,0.05693997,0.6523689,0.9261845,0.9261845,1
57.83716,10,55,-0.1138964,0.888077,-0.2240906,-0.3254397,-0.8786368,-0.2835293,0.2041999,0.05693997,0.6523689,0.9261845,0.9261845,1
57.84756,10,56,-0.120954,0.8926739,-0.2217336,-0.3168496,-0.879539,-0.2836307,0.2134743,0.05693997,0.6523689,0.9261845,0.9261845,1
57.85881,10,57,-0.1292228,0.8964376,-0.2188161,-0.3025524,-0.8822989,-0.2814709,0.2253551,0.05693997,0.6523689,0.9261845,0.9261845,1
57.87055,10,58,-0.1383244,0.8990021,-0.215655,-0.2865491,-0.8854433,-0.2783006,0.2375474,0.05693997,0.6523689,0.9261845,0.9261845,1
57.88377,10,59,-0.1463451,0.9011165,-0.2127302,-0.2755279,-0.8867183,-0.2761063,0.248154,0.05693997,0.6523689,0.9261845,0.9261845,1
57.89306,10,60,-0.1530332,0.902816,-0.2097804,-0.2696692,-0.8862622,-0.2744176,0.2579009,0.05693997,0.6523689,0.9261845,0.9261845,1
57.90417,10,61,-0.1573611,0.9009687,-0.2068089,-0.2772585,-0.8826301,-0.2701403,0.2666762,0.05693997,0.6523689,0.9261845,0.9261845,1
60.42797,11,1,-0.1592439,0.7248904,-0.1687056,-0.2557141,-0.9253439,-0.1844168,0.2105691,0.05693997,0,0.3532341,1,1
60.43878,11,2,-0.1653102,0.7260705,-0.1672601,-0.2488016,-0.9265628,-0.1829497,0.2147291,0.05693997,0,0.3532341,1,1
60.44961,11,3,-0.1729266,0.729674,-0.1646091,-0.243011,-0.9266665,-0.1836472,0.2202468,0.05693997,0,0.3532341,1,1
60.46227,11,4,-0.1811963,0.7341218,-0.1619256,-0.2376357,-0.9257179,-0.185251,0.2285997,0.05693997,0,0.3532341,1,1
60.47338,11,5,-0.1901598,0.7399188,-0.1586225,-0.2338862,-0.9228884,-0.1889124,0.2405961,0.05693997,0,0.3532341,1,1
60.48345,11,6,-0.199165,0.7478019,-0.1548196,-0.2312726,-0.918901,-0.1953989,0.2528899,0.05693997,0,0.3532341,1,1
60.4948,11,7,-0.2075508,0.756892,-0.1508442,-0.23107,-0.9138579,-0.2030815,0.2650066,0.05693997,0,0.3532341,1,1
60.50575,11,8,-0.2155998,0.7657835,-0.1470222,-0.2290899,-0.9098802,-0.2094051,0.2752915,0.05693997,0,0.3532341,1,1
60.51751,11,9,-0.2241094,0.7776044,-0.1425762,-0.2265149,-0.9056809,-0.216696,0.2854401,0.05693997,0,0.3532341,1,1
60.53025,11,10,-0.2312807,0.7901236,-0.1380578,-0.224494,-0.9013116,-0.2244609,0.2947155,0.05693997,0,0.3532341,1,1
60.54042,11,11,-0.2381564,0.8037416,-0.1337493,-0.2234068,-0.8963642,-0.2335719,0.3034222,0.05693997,0,0.3532341,1,1
60.55031,11,12,-0.2445619,0.8168589,-0.1295526,-0.223619,-0.8912913,-0.2422445,0.3113071,0.05693997,0,0.3532341,1,1
60.56145,11,13,-0.2487689,0.8315821,-0.1254323,-0.2280473,-0.8854796,-0.2515908,0.3172104,0.05693997,0,0.3532341,1,1
60.57348,11,14,-0.2533086,0.845844,-0.1217028,-0.2321917,-0.8797098,-0.2603055,0.3231699,0.05693997,0,0.3532341,1,1
60.58487,11,15,-0.2548831,0.861414,-0.1187435,-0.2412254,-0.8727838,-0.2706938,0.3267776,0.05693997,0,0.3532341,1,1
60.59551,11,16,-0.2567056,0.8762794,-0.1158631,-0.2470772,-0.8668915,-0.2797305,0.3304588,0.05693997,0,0.3532341,1,1
60.60712,11,17,-0.2588257,0.8905014,-0.1132751,-0.2512316,-0.8615989,-0.2883306,0.3337597,0.05693997,0,0.3532341,1,1
60.61796,11,18,-0.2593332,0.9045473,-0.1114641,-0.255277,-0.8576509,-0.2966096,0.3336039,0.05693997,0,0.3532341,1,1
60.63019,11,19,-0.2589153,0.9179834,-0.1101215,-0.2600173,-0.8541785,-0.3035887,0.332572,0.05693997,0,0.3532341,1,1
60.64103,11,20,-0.2584093,0.9306058,-0.1096981,-0.2653525,-0.8506471,-0.3094577,0.3319992,0.05693997,0,0.3532341,1,1
60.65211,11,21,-0.2570402,0.9422349,-0.1094433,-0.2714893,-0.846747,-0.3162093,0.3306428,0.05693997,0,0.3532341,1,1
60.66461,11,22,-0.2563245,0.953963,-0.1088321,-0.2766553,-0.8425168,-0.3237039,0.3299139,0.05693997,0,0.3532341,1,1
60.67585,11,23,-0.2542987,0.9640909,-0.108916,-0.2801881,-0.8394305,-0.3306832,0.3278717,0.05693997,0,0.3532341,1,1
60.68617,11,24,-0.2518844,0.9729664,-0.1098235,-0.2833093,-0.8380109,-0.3352696,0.3241418,0.05693997,0,0.3532341,1,1
60.69806,11,25,-0.2491856,0.9805977,-0.1114732,-0.2874106,-0.8378009,-0.3377653,0.3184329,0.05693997,0,0.3532341,1,1
60.70995,11,26,-0.2463244,0.9865468,-0.1132603,-0.2933326,-0.8372123,-0.339223,0.3129848,0.05693997,0,0.3532341,1,1
60.71988,11,27,-0.2433585,0.9928962,-0.1152669,-0.3001189,-0.8357573,-0.3408835,0.3086048,0.05693997,0,0.3532341,1,1
60.73106,11,28,-0.2391348,0.9957095,-0.1185604,-0.3093772,-0.834498,-0.3403494,0.3034157,0.05693997,0,0.3532341,1,1
60.74254,11,29,-0.2353074,0.9996211,-0.1213836,-0.3169712,-0.8333491,-0.3412164,0.2977079,0.05693997,0,0.3532341,1,1
60.7532,11,30,-0.2306511,1.000955,-0.1247195,-0.3243002,-0.8335643,-0.3408334,0.2895385,0.05693997,0,0.3532341,1,1
60.76569,11,31,-0.2263809,1.002212,-0.1278735,-0.330532,-0.8340842,-0.3407296,0.2809908,0.05693997,0,0.3532341,1,1
60.77565,11,32,-0.2210144,0.9990118,-0.1318616,-0.3352875,-0.8376289,-0.3374514,0.2684897,0.05693997,0,0.3532341,1,1
60.78714,11,33,-0.2163816,0.9954891,-0.1361698,-0.3419773,-0.8405167,-0.3308788,0.2590413,0.05693997,0,0.3532341,1,1
60.79776,11,34,-0.2121046,0.9916754,-0.140309,-0.3501278,-0.8424143,-0.3237113,0.2509176,0.05693997,0,0.3532341,1,1
60.80909,11,35,-0.2075358,0.9847615,-0.1449334,-0.3605325,-0.8447492,-0.3132445,0.2414398,0.05693997,0,0.3532341,1,1
60.82076,11,36,-0.2030542,0.9765934,-0.1491435,-0.3722489,-0.8458955,-0.3034391,0.2319834,0.05693997,0,0.3532341,1,1
60.83145,11,37,-0.1989571,0.9690819,-0.1528591,-0.3831074,-0.8461605,-0.295432,0.2235198,0.05693997,0,0.3532341,1,1
60.84272,11,38,-0.1954229,0.9593095,-0.155672,-0.3926458,-0.8463262,-0.2882516,0.2155746,0.05693997,0,0.3532341,1,1
60.85362,11,39,-0.1928042,0.9491422,-0.1579475,-0.3965485,-0.8487087,-0.2808979,0.2086607,0.05693997,0,0.3532341,1,1
60.86474,11,40,-0.1911964,0.9383299,-0.1597811,-0.3950858,-0.8537979,-0.2720314,0.2023251,0.05693997,0,0.3532341,1,1
60.8778,11,41,-0.1897444,0.9280354,-0.1611565,-0.3938284,-0.8586285,-0.2631949,0.1959206,0.05693997,0,0.3532341,1,1
60.887,11,42,-0.1896605,0.9160328,-0.1612318,-0.3888208,-0.8644158,-0.2552461,0.1909274,0.05693997,0,0.3532341,1,1
60.89853,11,43,-0.1886914,0.9038829,-0.1611265,-0.3880623,-0.8673948,-0.2494009,0.1866367,0.05693997,0,0.3532341,1,1
60.91074,11,44,-0.187547,0.8921587,-0.1609853,-0.387216,-0.8704168,-0.2435537,0.1819893,0.05693997,0,0.3532341,1,1
60.92072,11,45,-0.1871696,0.880034,-0.1599852,-0.3842346,-0.8737921,-0.2383835,0.1789544,0.05693997,0,0.3532341,1,1
60.93323,11,46,-0.1862348,0.8676003,-0.159613,-0.3806792,-0.8778523,-0.2320953,0.1749014,0.05693997,0,0.3532341,1,1
60.94579,11,47,-0.1856024,0.854061,-0.1584655,-0.3770639,-0.8820363,-0.225005,0.1709022,0.05693997,0,0.3532341,1,1
60.95408,11,48,-0.1849296,0.8405636,-0.1573048,-0.3765425,-0.8848039,-0.2175691,0.1673366,0.05693997,0,0.3532341,1,1
60.9652,11,49,-0.1838172,0.8264878,-0.1559802,-0.3755841,-0.8878081,-0.2103847,0.162701,0.05693997,0,0.3532341,1,1
60.97739,11,50,-0.1829211,0.8126172,-0.1543379,-0.3744143,-0.8912954,-0.2019985,0.1568538,0.05693997,0,0.3532341,1,1
60.98732,11,51,-0.1820096,0.7985489,-0.1529223,-0.3747615,-0.8941451,-0.192681,0.1514349,0.05693997,0,0.3532341,1,1
60.99847,11,52,-0.1819064,0.7850543,-0.1513307,-0.3748196,-0.8963361,-0.1843819,0.1486445,0.05693997,0,0.3532341,1,1
61.00983,11,53,-0.1828919,0.7727949,-0.1487115,-0.3687876,-0.8996475,-0.1784153,0.1509901,0.05693997,0,0.3532341,1,1
61.02079,11,54,-0.1834847,0.7605819,-0.1465529,-0.3605909,-0.9039909,-0.1721938,0.1520662,0.05693997,0,0.3532341,1,1
61.03189,11,55,-0.1846758,0.7492599,-0.1436783,-0.3490919,-0.9095192,-0.1656213,0.1532297,0.05693997,0,0.3532341,1,1
61.04321,11,56,-0.1855717,0.7377797,-0.1404963,-0.3435705,-0.9130334,-0.1588284,0.1519965,0.05693997,0,0.3532341,1,1
61.05518,11,57,-0.1866762,0.7261918,-0.1377625,-0.3430946,-0.9149036,-0.1504328,0.1503579,0.05693997,0,0.3532341,1,1
61.06557,11,58,-0.1881416,0.715766,-0.1349643,-0.353849,-0.9134219,-0.1372476,0.1470189,0.05693997,0,0.3532341,1,1
61.07767,11,59,-0.1901826,0.7057276,-0.1322347,-0.3616935,-0.9123533,-0.125416,0.1451209,0.05693997,0,0.3532341,1,1
61.08808,11,60,-0.1938907,0.6981471,-0.1298069,-0.3749311,-0.9085309,-0.1128611,0.1458108,0.05693997,0,0.3532341,1,1
61.09944,11,61,-0.2000109,0.6940212,-0.1266874,-0.3825219,-0.9052709,-0.1039609,0.1528195,0.05693997,0,0.3532341,1,1
61.11049,11,62,-0.2086051,0.694032,-0.1229363,-0.3769345,-0.9053134,-0.1002399,0.1681672,0.05693997,0,0.3532341,1,1
61.12126,11,63,-0.2171978,0.6941705,-0.1193472,-0.3683021,-0.9055218,-0.0985304,0.186214,0.05693997,0,0.3532341,1,1
61.13387,11,64,-0.2284642,0.7001838,-0.1141495,-0.3513228,-0.9048608,-0.106059,0.2157562,0.05693997,0,0.3532341,1,1
61.14384,11,65,-0.2381815,0.7050557,-0.1085589,-0.3406131,-0.9013776,-0.1138048,0.2419706,0.05693997,0,0.3532341,1,1
64.76173,12,1,-0.3219242,0.8295353,-0.003716588,-0.2219913,-0.8238178,-0.2932986,0.4313004,0.05693997,0.7867733,0.7470932,0.9867733,1
64.77477,12,2,-0.3212646,0.8305558,-0.005652368,-0.2253931,-0.8259737,-0.2929522,0.4256108,0.05693997,0.7867733,0.7470932,0.9867733,1
64.78436,12,3,-0.3209516,0.8312737,-0.008164346,-0.2296083,-0.8280451,-0.2918095,0.4200815,0.05693997,0.7867733,0.7470932,0.9867733,1
64.79848,12,4,-0.3212021,0.8320616,-0.01072127,-0.2327847,-0.829992,-0.2911984,0.4148834,0.05693997,0.7867733,0.7470932,0.9867733,1
64.80812,12,5,-0.3199963,0.8326466,-0.01441473,-0.2358925,-0.8331128,-0.2891118,0.4082797,0.05693997,0.7867733,0.7470932,0.9867733,1
64.81848,12,6,-0.3189543,0.8327523,-0.01779532,-0.2393209,-0.835471,-0.2874606,0.402592,0.05693997,0.7867733,0.7470932,0.9867733,1
64.82864,12,7,-0.3174424,0.8328434,-0.02194297,-0.2433246,-0.8386481,-0.2856025,0.394834,0.05693997,0.7867733,0.7470932,0.9867733,1
64.84138,12,8,-0.3150206,0.8327815,-0.02636451,-0.2479808,-0.8422472,-0.2840778,0.3852598,0.05693997,0.7867733,0.7470932,0.9867733,1
64.85183,12,9,-0.3119727,0.8321825,-0.03090686,-0.2528544,-0.8463447,-0.2829237,0.3737909,0.05693997,0.7867733,0.7470932,0.9867733,1
64.86209,12,10,-0.30924,0.8316151,-0.03543174,-0.2577114,-0.8501577,-0.2813676,0.3628348,0.05693997,0.7867733,0.7470932,0.9867733,1
64.87495,12,11,-0.3052849,0.8299942,-0.03979498,-0.263387,-0.8546778,-0.2791048,0.349648,0.05693997,0.7867733,0.7470932,0.9867733,1
64.88496,12,12,-0.3012329,0.8275323,-0.04405445,-0.2692932,-0.8594981,-0.2749922,0.3363383,0.05693997,0.7867733,0.7470932,0.9867733,1
64.8957,12,13,-0.2970133,0.8239481,-0.04831105,-0.2773898,-0.8631661,-0.2674131,0.3263272,0.05693997,0.7867733,0.7470932,0.9867733,1
64.90779,12,14,-0.2932477,0.8194847,-0.05173182,-0.2858824,-0.8652174,-0.2597123,0.3197183,0.05693997,0.7867733,0.7470932,0.9867733,1
64.91844,12,15,-0.2890128,0.8142847,-0.0544793,-0.2912989,-0.8670475,-0.2558412,0.3129201,0.05693997,0.7867733,0.7470932,0.9867733,1
64.9323,12,16,-0.2848779,0.8091906,-0.05700147,-0.29354,-0.8704181,-0.2527026,0.3038881,0.05693997,0.7867733,0.7470932,0.9867733,1
64.94123,12,17,-0.2806742,0.8021007,-0.05870193,-0.2917723,-0.875891,-0.2481817,0.2934108,0.05693997,0.7867733,0.7470932,0.9867733,1
64.95192,12,18,-0.2767366,0.7937166,-0.0605579,-0.2908117,-0.8821689,-0.2399605,0.2821802,0.05693997,0.7867733,0.7470932,0.9867733,1
64.9626,12,19,-0.2729866,0.7850395,-0.06258512,-0.2938994,-0.886776,-0.2307269,0.27206,0.05693997,0.7867733,0.7470932,0.9867733,1
64.97523,12,20,-0.2687325,0.7734595,-0.06379783,-0.30113,-0.8909201,-0.2178688,0.2609892,0.05693997,0.7867733,0.7470932,0.9867733,1
64.98512,12,21,-0.2646152,0.7632317,-0.06517595,-0.3070425,-0.8947371,-0.2070333,0.2496152,0.05693997,0.7867733,0.7470932,0.9867733,1
64.99622,12,22,-0.260967,0.7517596,-0.06576622,-0.3166428,-0.8973672,-0.1948242,0.2377248,0.05693997,0.7867733,0.7470932,0.9867733,1
65.00932,12,23,-0.2578125,0.7405639,-0.0652653,-0.324684,-0.8990958,-0.1850991,0.2279158,0.05693997,0.7867733,0.7470932,0.9867733,1
65.01862,12,24,-0.2557833,0.7301918,-0.06397158,-0.3259681,-0.9017212,-0.1772471,0.2218721,0.05693997,0.7867733,0.7470932,0.9867733,1
65.02972,12,25,-0.2545515,0.7202721,-0.06258965,-0.3236813,-0.9051473,-0.1702003,0.2167272,0.05693997,0.7867733,0.7470932,0.9867733,1
65.04166,12,26,-0.2537835,0.7108634,-0.06026703,-0.3186595,-0.9090553,-0.1639578,0.2125854,0.05693997,0.7867733,0.7470932,0.9867733,1
65.05302,12,27,-0.2552138,0.7023958,-0.05692011,-0.3118025,-0.9129152,-0.1577431,0.210908,0.05693997,0.7867733,0.7470932,0.9867733,1
65.06313,12,28,-0.257377,0.6938875,-0.05368596,-0.3130233,-0.913833,-0.1497613,0.210944,0.05693997,0.7867733,0.7470932,0.9867733,1
65.07612,12,29,-0.2603492,0.6859457,-0.0497126,-0.3178181,-0.9130973,-0.1411037,0.2129197,0.05693997,0.7867733,0.7470932,0.9867733,1
65.08569,12,30,-0.2649923,0.6795843,-0.04516047,-0.3197523,-0.912897,-0.132508,0.2163778,0.05693997,0.7867733,0.7470932,0.9867733,1
65.09724,12,31,-0.2704566,0.6737025,-0.0403409,-0.3173273,-0.9138978,-0.1241542,0.2206357,0.05693997,0.7867733,0.7470932,0.9867733,1
65.10823,12,32,-0.2773106,0.6686206,-0.03535461,-0.3128217,-0.9151223,-0.1153865,0.2266712,0.05693997,0.7867733,0.7470932,0.9867733,1
65.11958,12,33,-0.2850614,0.6653103,-0.03010148,-0.3108482,-0.9142576,-0.108966,0.235866,0.05693997,0.7867733,0.7470932,0.9867733,1
65.13061,12,34,-0.2924708,0.6621734,-0.02528971,-0.3116386,-0.9121614,-0.1039852,0.2450105,0.05693997,0.7867733,0.7470932,0.9867733,1
65.14207,12,35,-0.3008734,0.6620277,-0.0201512,-0.3152358,-0.907664,-0.1021903,0.2575456,0.05693997,0.7867733,0.7470932,0.9867733,1
65.15301,12,36,-0.3087649,0.6640288,-0.01516825,-0.3231683,-0.9010752,-0.1022882,0.2704867,0.05693997,0.7867733,0.7470932,0.9867733,1
65.16365,12,37,-0.3150031,0.6661121,-0.01067734,-0.329499,-0.8956313,-0.1022031,0.2807661,0.05693997,0.7867733,0.7470932,0.9867733,1
65.17509,12,38,-0.3203497,0.673881,-0.006804168,-0.3251944,-0.8941537,-0.1083111,0.2881087,0.05693997,0.7867733,0.7470932,0.9867733,1
65.18697,12,39,-0.3257702,0.679813,-0.002863348,-0.3173942,-0.8945988,-0.1127485,0.2936695,0.05693997,0.7867733,0.7470932,0.9867733,1
65.19762,12,40,-0.3293774,0.6895446,-0.0002211928,-0.3122182,-0.8936462,-0.1211518,0.2987279,0.05693997,0.7867733,0.7470932,0.9867733,1
65.20913,12,41,-0.3326647,0.6985559,0.002615213,-0.3133243,-0.8901807,-0.1294277,0.3043924,0.05693997,0.7867733,0.7470932,0.9867733,1
65.21967,12,42,-0.3339286,0.7106138,0.003732145,-0.3204027,-0.8851406,-0.1400839,0.3069931,0.05693997,0.7867733,0.7470932,0.9867733,1
65.23067,12,43,-0.333818,0.7235121,0.003944099,-0.3277873,-0.8810014,-0.1491047,0.306855,0.05693997,0.7867733,0.7470932,0.9867733,1
65.24294,12,44,-0.3339276,0.7365811,0.003587961,-0.3349846,-0.8774281,-0.1571119,0.3053217,0.05693997,0.7867733,0.7470932,0.9867733,1
65.25324,12,45,-0.3337151,0.7496318,0.002461791,-0.3439918,-0.8731576,-0.1636795,0.3040964,0.05693997,0.7867733,0.7470932,0.9867733,1
65.26418,12,46,-0.3338948,0.7626767,0.001915991,-0.3518985,-0.8685485,-0.1703009,0.3046122,0.05693997,0.7867733,0.7470932,0.9867733,1
65.27551,12,47,-0.3343542,0.77706,0.0005740523,-0.3597962,-0.8633721,-0.1783497,0.3054942,0.05693997,0.7867733,0.7470932,0.9867733,1
65.287,12,48,-0.3351718,0.7923928,-0.000769496,-0.3641157,-0.8592744,-0.1883854,0.3059058,0.05693997,0.7867733,0.7470932,0.9867733,1
65.29763,12,49,-0.3364541,0.8063638,-0.001601219,-0.3687489,-0.8553487,-0.1960443,0.3065446,0.05693997,0.7867733,0.7470932,0.9867733,1
65.30972,12,50,-0.338139,0.8207853,-0.00258404,-0.375214,-0.8507291,-0.2016265,0.3079306,0.05693997,0.7867733,0.7470932,0.9867733,1
65.32143,12,51,-0.3404165,0.835642,-0.003256023,-0.3809037,-0.8463072,-0.2073185,0.3093472,0.05693997,0.7867733,0.7470932,0.9867733,1
65.33257,12,52,-0.3426299,0.8497832,-0.00332588,-0.3855701,-0.8417656,-0.2141154,0.3113213,0.05693997,0.7867733,0.7470932,0.9867733,1
65.34286,12,53,-0.3449518,0.8656664,-0.002681017,-0.3862656,-0.8374363,-0.2237415,0.3153399,0.05693997,0.7867733,0.7470932,0.9867733,1
65.35496,12,54,-0.3473818,0.8816239,-0.00146997,-0.3872043,-0.8326688,-0.2331983,0.3199283,0.05693997,0.7867733,0.7470932,0.9867733,1
65.36566,12,55,-0.3494128,0.8963968,-0.0002124906,-0.389635,-0.827655,-0.2415942,0.3237348,0.05693997,0.7867733,0.7470932,0.9867733,1
65.37779,12,56,-0.3510541,0.9117623,0.001812339,-0.3922719,-0.8218582,-0.2513061,0.327898,0.05693997,0.7867733,0.7470932,0.9867733,1
65.3884,12,57,-0.352124,0.927181,0.004485905,-0.3946472,-0.8156257,-0.2616571,0.3324814,0.05693997,0.7867733,0.7470932,0.9867733,1
65.40144,12,58,-0.3534137,0.9417029,0.007006288,-0.3950875,-0.810532,-0.2718604,0.3362078,0.05693997,0.7867733,0.7470932,0.9867733,1
65.41139,12,59,-0.35414,0.9556489,0.009841204,-0.3916903,-0.8070914,-0.2827289,0.33948,0.05693997,0.7867733,0.7470932,0.9867733,1
65.42393,12,60,-0.3548705,0.9691834,0.01327139,-0.3886867,-0.8032322,-0.2930321,0.3433262,0.05693997,0.7867733,0.7470932,0.9867733,1
65.4329,12,61,-0.3546231,0.9803826,0.0163554,-0.3905018,-0.7975526,-0.3011295,0.3474754,0.05693997,0.7867733,0.7470932,0.9867733,1
65.44457,12,62,-0.3534942,0.9905246,0.01855534,-0.3931638,-0.7928687,-0.3081275,0.3490546,0.05693997,0.7867733,0.7470932,0.9867733,1
65.4549,12,63,-0.3523188,0.9994702,0.02065456,-0.3957727,-0.7897804,-0.3137936,0.3480583,0.05693997,0.7867733,0.7470932,0.9867733,1
65.4661,12,64,-0.3505103,1.006229,0.02232915,-0.3991581,-0.7875027,-0.3175721,0.3459195,0.05693997,0.7867733,0.7470932,0.9867733,1
65.47759,12,65,-0.3490506,1.01316,0.02302682,-0.4028892,-0.7849813,-0.3204032,0.3447122,0.05693997,0.7867733,0.7470932,0.9867733,1
65.49127,12,66,-0.3475171,1.017338,0.02325684,-0.4067873,-0.7843664,-0.3198167,0.3420683,0.05693997,0.7867733,0.7470932,0.9867733,1
65.49989,12,67,-0.3462453,1.02024,0.02337277,-0.4091217,-0.7849345,-0.3182611,0.3394218,0.05693997,0.7867733,0.7470932,0.9867733,1
65.51116,12,68,-0.3450412,1.023495,0.02268368,-0.411112,-0.785386,-0.3169287,0.3372122,0.05693997,0.7867733,0.7470932,0.9867733,1
65.52149,12,69,-0.343838,1.024312,0.02180493,-0.4140246,-0.7864212,-0.3127234,0.335156,0.05693997,0.7867733,0.7470932,0.9867733,1
65.53265,12,70,-0.3430182,1.024496,0.02146345,-0.4202603,-0.7843015,-0.3083213,0.3364378,0.05693997,0.7867733,0.7470932,0.9867733,1
65.54362,12,71,-0.3417534,1.024174,0.02124381,-0.4304257,-0.7783992,-0.3045732,0.3406811,0.05693997,0.7867733,0.7470932,0.9867733,1
